symbol,price_datetime,open_price,high_price,low_price,close_price,volume,ingested_at
FOX,2026-08-26,62.485,62.76,61.71,62.24,17008,2026-08-27 10:18:09.045614+00:00
FOX,2026-08-25,61.29,62.77,61.19,62.69,728017,2026-08-27 10:18:09.045614+00:00
FOX,2026-08-24,60.99,61.83,60.45,61.59,805500,2026-08-27 10:18:09.045614+00:00
FOX,2026-08-21,60.84,61.67,60.47,61.049999,564500,2026-08-27 10:18:09.045614+00:00
FOX,2026-08-20,60.95,61.26,60.38,60.45,1090700,2026-08-27 10:18:09.045614+00:00
FOX,2026-08-19,61.45,61.48,60.19,60.39,1041100,2026-08-27 10:18:09.045614+00:00
FOX,2026-08-18,61.72,62.93,61.2,61.23,1019600,2026-08-27 10:18:09.045614+00:00
FOX,2026-08-17,61.28,62.0,61.0,61.49,659000,2026-08-27 10:18:09.045614+00:00
FOX,2026-08-14,59.85,61.5,59.74,61.41,1069000,2026-08-27 10:18:09.045614+00:00
FOX,2026-08-13,56.07,58.12,56.07,58.099998,618800,2026-08-27 10:18:09.045614+00:00
FOX,2026-08-12,55.24,56.040001,54.51,55.97,548700,2026-08-27 10:18:09.045614+00:00
FOX,2026-08-11,56.22,56.401,55.0,55.34,736700,2026-08-27 10:18:09.045614+00:00
FOX,2026-08-10,56.11,56.7,55.3,56.33,905600,2026-08-27 10:18:09.045614+00:00
FOX,2026-08-07,55.38,57.18,55.38,57.029999,1386800,2026-08-27 10:18:09.045614+00:00
FOX,2026-08-06,53.73,55.55,53.0050011,55.37,1705600,2026-08-27 10:18:09.045614+00:00
FOX,2026-08-05,53.16,53.16,51.74,52.2,1627800,2026-08-27 10:18:09.045614+00:00
FOX,2026-08-04,52.02,52.89,51.82,52.82,1343200,2026-08-27 10:18:09.045614+00:00
FOX,2026-08-03,52.35,53.66,52.21,52.62,918800,2026-08-27 10:18:09.045614+00:00
FOX,2026-07-31,52.2,52.21,51.52,51.94,978500,2026-08-27 10:18:09.045614+00:00
FOX,2026-07-30,51.64,52.38,51.22,52.34,852000,2026-08-27 10:18:09.045614+00:00
FOX,2026-07-29,51.86,52.78,51.55,52.73,1182100,2026-08-27 10:18:09.045614+00:00
FOX,2026-07-28,51.29,52.335,51.29,51.63,827900,2026-08-27 10:18:09.045614+00:00
FOX,2026-07-27,50.0,51.84,49.99,50.81,1281700,2026-08-27 10:18:09.045614+00:00
FOX,2026-07-24,49.11,49.873,48.694,49.41,1396600,2026-08-27 10:18:09.045614+00:00
FOX,2026-07-23,50.76,50.76,48.59,49.18,1847300,2026-08-27 10:18:09.045614+00:00
FOX,2026-07-22,51.74,51.74,50.38,50.63,1051600,2026-08-27 10:18:09.045614+00:00
FOX,2026-07-21,51.315,51.79,51.099998,51.47,1035000,2026-08-27 10:18:09.045614+00:00
FOX,2026-07-20,51.45,52.905,51.3,51.55,1281400,2026-08-27 10:18:09.045614+00:00
FOX,2026-07-17,51.19,51.72,50.775,51.63,1027400,2026-08-27 10:18:09.045614+00:00
FOX,2026-07-16,50.8,51.25,50.4,51.080002,1106100,2026-08-27 10:18:09.045614+00:00
RDDT,2026-08-26,161.09,165.66,155.4,156.46,58162,2026-08-27 10:18:09.045614+00:00
RDDT,2026-08-25,153.49001,162.625,152.77,162.45,4373935,2026-08-27 10:18:09.045614+00:00
RDDT,2026-08-24,150.0099945,154.39999,149.2,152.7,3524500,2026-08-27 10:18:09.045614+00:00
RDDT,2026-08-21,151.78999,155.3,150.037994,153.28999,4545500,2026-08-27 10:18:09.045614+00:00
RDDT,2026-08-20,149.61,150.77,144.050003,150.31,7672000,2026-08-27 10:18:09.045614+00:00
RDDT,2026-08-19,156.66,158.25,151.367,151.71001,8157200,2026-08-27 10:18:09.045614+00:00
RDDT,2026-08-18,166.10001,167.53999,157.45,158.25,7447300,2026-08-27 10:18:09.045614+00:00
RDDT,2026-08-17,177.50999,178.34,164.17999,164.5,37846200,2026-08-27 10:18:09.045614+00:00
RDDT,2026-08-14,175.78,184.284,174.0,178.089996,21500400,2026-08-27 10:18:09.045614+00:00
RDDT,2026-08-13,154.50999,159.28999,152.67,158.12,4658000,2026-08-27 10:18:09.045614+00:00
RDDT,2026-08-12,157.64,158.0,152.0099945,153.45,3318600,2026-08-27 10:18:09.045614+00:00
RDDT,2026-08-11,158.0,161.98,155.62,156.19,2735400,2026-08-27 10:18:09.045614+00:00
RDDT,2026-08-10,161.49001,163.24001,157.64999,158.72,3101700,2026-08-27 10:18:09.045614+00:00
RDDT,2026-08-07,153.3,163.89999,153.22,161.7,4509600,2026-08-27 10:18:09.045614+00:00
RDDT,2026-08-06,150.94,155.27,149.50999,150.87,3466400,2026-08-27 10:18:09.045614+00:00
RDDT,2026-08-05,159.28,160.78999,153.5,155.25999,4169300,2026-08-27 10:18:09.045614+00:00
RDDT,2026-08-04,153.62,162.82001,152.78,159.97,6155500,2026-08-27 10:18:09.045614+00:00
RDDT,2026-08-03,141.89999,157.72,140.050003,154.71001,10648300,2026-08-27 10:18:09.045614+00:00
RDDT,2026-07-31,147.7,151.38,135.222,140.67,29916700,2026-08-27 10:18:09.045614+00:00
RDDT,2026-07-30,180.0,182.42,175.0,178.039993,11864900,2026-08-27 10:18:09.045614+00:00
RDDT,2026-07-29,181.94,185.91,176.325,177.99001,4231300,2026-08-27 10:18:09.045614+00:00
RDDT,2026-07-28,179.25,180.8,173.61,178.44,2892100,2026-08-27 10:18:09.045614+00:00
RDDT,2026-07-27,173.33501,183.882,172.73,179.23,4263900,2026-08-27 10:18:09.045614+00:00
RDDT,2026-07-24,169.5,173.2,165.55,168.73,3539600,2026-08-27 10:18:09.045614+00:00
RDDT,2026-07-23,174.42,179.283,168.285,168.78,3842600,2026-08-27 10:18:09.045614+00:00
RDDT,2026-07-22,172.89999,174.0,166.0,170.38,8987000,2026-08-27 10:18:09.045614+00:00
RDDT,2026-07-21,181.5,186.99001,178.0,185.84,2602800,2026-08-27 10:18:09.045614+00:00
RDDT,2026-07-20,179.0,187.42999,174.46001,181.64,4055400,2026-08-27 10:18:09.045614+00:00
RDDT,2026-07-17,181.53999,184.95,173.71001,181.17999,3327300,2026-08-27 10:18:09.045614+00:00
RDDT,2026-07-16,199.69,200.32001,184.62,185.25999,3758300,2026-08-27 10:18:09.045614+00:00
GOOGL,2026-08-26,346.73,346.795,340.205,341.54,427772,2026-08-27 10:18:09.045614+00:00
GOOGL,2026-08-25,349.375,350.16,345.60999,346.95999,20600170,2026-08-27 10:18:09.045614+00:00
GOOGL,2026-08-24,343.62,351.60001,342.48999,348.059998,26338200,2026-08-27 10:18:09.045614+00:00
GOOGL,2026-08-21,342.57999,346.20001,340.39999,344.82001,20849800,2026-08-27 10:18:09.045614+00:00
GOOGL,2026-08-20,343.059998,343.89999,338.57001,340.67001,18570400,2026-08-27 10:18:09.045614+00:00
GOOGL,2026-08-19,342.45999,346.73001,340.66,344.72,19733800,2026-08-27 10:18:09.045614+00:00
GOOGL,2026-08-18,342.41,344.87,340.19,344.20001,19248800,2026-08-27 10:18:09.045614+00:00
GOOGL,2026-08-17,346.26999,347.25,341.92999,344.0,18291300,2026-08-27 10:18:09.045614+00:00
GOOGL,2026-08-14,346.79999,350.45001,344.5,345.89999,17808600,2026-08-27 10:18:09.045614+00:00
GOOGL,2026-08-13,345.76999,347.92999,343.76001,346.35999,17866100,2026-08-27 10:18:09.045614+00:00
GOOGL,2026-08-12,346.31,346.48001,340.88,343.54001,25012000,2026-08-27 10:18:09.045614+00:00
GOOGL,2026-08-11,355.89001,356.81,343.39001,343.79999,29081800,2026-08-27 10:18:09.045614+00:00
GOOGL,2026-08-10,355.17999,357.60999,352.70999,357.51999,18991400,2026-08-27 10:18:09.045614+00:00
GOOGL,2026-08-07,356.72,358.89999,353.78,354.29999,19859900,2026-08-27 10:18:09.045614+00:00
GOOGL,2026-08-06,360.76999,364.13,356.88,357.75,25235900,2026-08-27 10:18:09.045614+00:00
GOOGL,2026-08-05,383.34,384.48001,356.76999,362.42999,46926300,2026-08-27 10:18:09.045614+00:00
GOOGL,2026-08-04,368.22,380.51999,367.5,377.64999,35705700,2026-08-27 10:18:09.045614+00:00
GOOGL,2026-08-03,365.45001,376.69,363.35001,373.51001,38669700,2026-08-27 10:18:09.045614+00:00
GOOGL,2026-07-31,340.82999,358.57999,340.0,356.13,46498000,2026-08-27 10:18:09.045614+00:00
GOOGL,2026-07-30,334.20001,336.51001,330.34,333.66,30168000,2026-08-27 10:18:09.045614+00:00
GOOGL,2026-07-29,334.67001,342.5,331.62,336.70999,27501600,2026-08-27 10:18:09.045614+00:00
GOOGL,2026-07-28,327.89999,335.88,324.44,333.70999,29511900,2026-08-27 10:18:09.045614+00:00
GOOGL,2026-07-27,325.040009,330.42001,324.45001,326.56,28471600,2026-08-27 10:18:09.045614+00:00
GOOGL,2026-07-24,318.42001,324.17999,317.32001,319.73999,31806600,2026-08-27 10:18:09.045614+00:00
GOOGL,2026-07-23,321.13,324.48999,314.89999,317.69,69419700,2026-08-27 10:18:09.045614+00:00
GOOGL,2026-07-22,348.16,349.94,341.73001,342.089996,39334100,2026-08-27 10:18:09.045614+00:00
GOOGL,2026-07-21,351.32001,351.32001,347.0,347.14999,23369800,2026-08-27 10:18:09.045614+00:00
GOOGL,2026-07-20,350.88,359.67999,350.51999,351.98999,24736600,2026-08-27 10:18:09.045614+00:00
GOOGL,2026-07-17,346.0,348.51999,341.35999,346.76999,29959300,2026-08-27 10:18:09.045614+00:00
GOOGL,2026-07-16,373.059998,375.26999,352.29999,354.45999,41158500,2026-08-27 10:18:09.045614+00:00
TTWO,2026-08-26,233.375,240.885,232.48,235.63,80156,2026-08-27 10:18:09.045614+00:00
TTWO,2026-08-25,233.5,237.49001,232.44,232.92999,1590734,2026-08-27 10:18:09.045614+00:00
TTWO,2026-08-24,239.78999,242.37,232.71001,233.5,2712900,2026-08-27 10:18:09.045614+00:00
TTWO,2026-08-21,242.78,245.67999,239.45,239.62,1618900,2026-08-27 10:18:09.045614+00:00
TTWO,2026-08-20,236.88,241.23,231.58,240.14999,2445800,2026-08-27 10:18:09.045614+00:00
TTWO,2026-08-19,242.39999,246.5,236.24001,237.039993,2667100,2026-08-27 10:18:09.045614+00:00
TTWO,2026-08-18,243.58,248.39,241.75999,242.39999,1907900,2026-08-27 10:18:09.045614+00:00
TTWO,2026-08-17,245.0099945,247.63,241.039993,241.61,1654700,2026-08-27 10:18:09.045614+00:00
TTWO,2026-08-14,242.34,248.98,242.34,246.95,1118900,2026-08-27 10:18:09.045614+00:00
TTWO,2026-08-13,243.77,245.42999,239.52,241.91,1667600,2026-08-27 10:18:09.045614+00:00
TTWO,2026-08-12,248.38,248.96001,242.21001,243.0,1842200,2026-08-27 10:18:09.045614+00:00
TTWO,2026-08-11,253.37,254.95,247.83,250.5,2447600,2026-08-27 10:18:09.045614+00:00
TTWO,2026-08-10,247.55,256.62,247.34,253.57001,3776700,2026-08-27 10:18:09.045614+00:00
TTWO,2026-08-07,233.5,247.53999,231.070007,246.5,3987100,2026-08-27 10:18:09.045614+00:00
TTWO,2026-08-06,240.66,242.97,228.2,232.47,3985700,2026-08-27 10:18:09.045614+00:00
TTWO,2026-08-05,242.75999,243.50999,232.34,234.91,2109200,2026-08-27 10:18:09.045614+00:00
TTWO,2026-08-04,244.19,246.25,239.50999,240.22,2096600,2026-08-27 10:18:09.045614+00:00
TTWO,2026-08-03,246.050003,248.46001,243.75999,245.14999,1630000,2026-08-27 10:18:09.045614+00:00
TTWO,2026-07-31,246.37,247.080002,237.96001,242.92,1931000,2026-08-27 10:18:09.045614+00:00
TTWO,2026-07-30,242.020004,247.66,242.020004,247.42999,2309500,2026-08-27 10:18:09.045614+00:00
TTWO,2026-07-29,248.17,250.92999,246.059998,246.42999,2480600,2026-08-27 10:18:09.045614+00:00
TTWO,2026-07-28,245.22,248.7,241.42,247.62,1943100,2026-08-27 10:18:09.045614+00:00
TTWO,2026-07-27,237.92999,244.50999,235.62,243.95,2027500,2026-08-27 10:18:09.045614+00:00
TTWO,2026-07-24,231.69,234.16,229.56,231.64999,1343400,2026-08-27 10:18:09.045614+00:00
TTWO,2026-07-23,231.87,233.17999,228.5,230.25,1486000,2026-08-27 10:18:09.045614+00:00
TTWO,2026-07-22,236.24001,236.5,232.57001,233.58,1273800,2026-08-27 10:18:09.045614+00:00
TTWO,2026-07-21,237.83,239.38,235.3,235.92999,1195700,2026-08-27 10:18:09.045614+00:00
TTWO,2026-07-20,236.8,241.78999,236.75,238.98,1352100,2026-08-27 10:18:09.045614+00:00
TTWO,2026-07-17,235.64,239.25,232.5,236.67999,2361000,2026-08-27 10:18:09.045614+00:00
TTWO,2026-07-16,243.0,243.5,238.0,239.57001,1558400,2026-08-27 10:18:09.045614+00:00
NFLX,2026-08-26,81.875,82.415,81.295,81.865,1073353,2026-08-27 10:18:09.045614+00:00
NFLX,2026-08-25,79.65,82.455,79.4,82.23,29383832,2026-08-27 10:18:09.045614+00:00
NFLX,2026-08-24,79.94,80.62,79.019997,80.010002,21085300,2026-08-27 10:18:09.045614+00:00
NFLX,2026-08-21,80.29,80.49,79.17,79.59,23773800,2026-08-27 10:18:09.045614+00:00
NFLX,2026-08-20,80.14,81.080002,79.59,80.14,27118400,2026-08-27 10:18:09.045614+00:00
NFLX,2026-08-19,78.25,81.16,78.099998,80.22,31461800,2026-08-27 10:18:09.045614+00:00
NFLX,2026-08-18,77.43,79.099998,76.34,77.77,36151300,2026-08-27 10:18:09.045614+00:00
NFLX,2026-08-17,77.8,78.53,75.47,76.019997,30753000,2026-08-27 10:18:09.045614+00:00
NFLX,2026-08-14,78.48,78.73,77.76,78.16,26751000,2026-08-27 10:18:09.045614+00:00
NFLX,2026-08-13,76.010002,78.4,75.44,78.24,41452900,2026-08-27 10:18:09.045614+00:00
NFLX,2026-08-12,74.35,74.67,73.57,74.21,20773100,2026-08-27 10:18:09.045614+00:00
NFLX,2026-08-11,76.2,76.9,74.48,74.79,27840500,2026-08-27 10:18:09.045614+00:00
NFLX,2026-08-10,73.8,76.32,73.57,76.29,26959900,2026-08-27 10:18:09.045614+00:00
NFLX,2026-08-07,73.12,74.5,73.080002,74.14,24819000,2026-08-27 10:18:09.045614+00:00
NFLX,2026-08-06,75.14,75.21,73.099998,73.69,28892700,2026-08-27 10:18:09.045614+00:00
NFLX,2026-08-05,75.11,75.3,73.16,74.2,28969400,2026-08-27 10:18:09.045614+00:00
NFLX,2026-08-04,72.51,73.75,72.3,73.57,42877900,2026-08-27 10:18:09.045614+00:00
NFLX,2026-08-03,72.77,73.95,72.18,73.33,33922300,2026-08-27 10:18:09.045614+00:00
NFLX,2026-07-31,71.97,72.75,71.11,71.71,35847500,2026-08-27 10:18:09.045614+00:00
NFLX,2026-07-30,71.48,73.32,70.55,73.17,54261000,2026-08-27 10:18:09.045614+00:00
NFLX,2026-07-29,72.19,73.74,71.75,73.63,43737600,2026-08-27 10:18:09.045614+00:00
NFLX,2026-07-28,72.07,73.76,71.23,72.39,47160200,2026-08-27 10:18:09.045614+00:00
NFLX,2026-07-27,70.59,71.65,69.86,70.4,39090800,2026-08-27 10:18:09.045614+00:00
NFLX,2026-07-24,69.29,70.68,67.97,70.089996,37593500,2026-08-27 10:18:09.045614+00:00
NFLX,2026-07-23,68.57,69.36,67.67,68.89,45029100,2026-08-27 10:18:09.045614+00:00
NFLX,2026-07-22,69.37,70.57,68.35,68.53,44947300,2026-08-27 10:18:09.045614+00:00
NFLX,2026-07-21,67.42,68.75,66.73,68.67,56565800,2026-08-27 10:18:09.045614+00:00
NFLX,2026-07-20,68.32,68.38,66.69,67.6,60669100,2026-08-27 10:18:09.045614+00:00
NFLX,2026-07-17,65.48,69.49,65.080002,68.95,142029200,2026-08-27 10:18:09.045614+00:00
NFLX,2026-07-16,73.95,74.68,72.94,74.35,77505200,2026-08-27 10:18:09.045614+00:00
LYV,2026-08-26,187.675,188.43,183.62,183.91,50335,2026-08-27 10:18:09.045614+00:00
LYV,2026-08-25,184.58,186.8,183.995,186.77,1439198,2026-08-27 10:18:09.045614+00:00
LYV,2026-08-24,183.070007,185.57001,182.14,184.59,1696800,2026-08-27 10:18:09.045614+00:00
LYV,2026-08-21,182.74001,183.2,181.17,181.82001,1588000,2026-08-27 10:18:09.045614+00:00
LYV,2026-08-20,183.67999,186.12,181.58,182.020004,1535300,2026-08-27 10:18:09.045614+00:00
LYV,2026-08-19,181.67999,185.67999,180.039993,184.19,1611600,2026-08-27 10:18:09.045614+00:00
LYV,2026-08-18,184.28,185.0,179.83,179.84,1478600,2026-08-27 10:18:09.045614+00:00
LYV,2026-08-17,186.75999,187.28,184.16,184.44,1629300,2026-08-27 10:18:09.045614+00:00
LYV,2026-08-14,186.47,189.25,186.080002,188.46001,1162900,2026-08-27 10:18:09.045614+00:00
LYV,2026-08-13,186.22,188.10001,185.37,186.059998,3001400,2026-08-27 10:18:09.045614+00:00
LYV,2026-08-12,183.53999,185.85001,182.080002,185.33,1580500,2026-08-27 10:18:09.045614+00:00
LYV,2026-08-11,183.47,185.86,183.0,183.33,1716200,2026-08-27 10:18:09.045614+00:00
LYV,2026-08-10,181.050003,184.72,179.53,184.64,1986900,2026-08-27 10:18:09.045614+00:00
LYV,2026-08-07,182.0,184.17,179.84,180.66,1336100,2026-08-27 10:18:09.045614+00:00
LYV,2026-08-06,183.34,184.48,180.78,181.77,1689100,2026-08-27 10:18:09.045614+00:00
LYV,2026-08-05,183.92999,185.64999,182.60001,183.52,1346100,2026-08-27 10:18:09.045614+00:00
LYV,2026-08-04,181.82001,185.45,181.55,183.7,3043800,2026-08-27 10:18:09.045614+00:00
LYV,2026-08-03,176.61,182.0,174.82001,181.69,3212500,2026-08-27 10:18:09.045614+00:00
LYV,2026-07-31,184.89999,187.2,171.0,174.13,5029400,2026-08-27 10:18:09.045614+00:00
LYV,2026-07-30,184.89999,185.33,180.58,183.56,4111600,2026-08-27 10:18:09.045614+00:00
LYV,2026-07-29,180.92,184.62,179.21001,184.42999,2344600,2026-08-27 10:18:09.045614+00:00
LYV,2026-07-28,179.089996,182.64,179.089996,180.87,1618900,2026-08-27 10:18:09.045614+00:00
LYV,2026-07-27,179.42999,180.75999,178.28,179.39999,1704500,2026-08-27 10:18:09.045614+00:00
LYV,2026-07-24,177.3,178.50999,175.28999,177.24001,1392200,2026-08-27 10:18:09.045614+00:00
LYV,2026-07-23,177.47,178.56,175.39,176.059998,1629100,2026-08-27 10:18:09.045614+00:00
LYV,2026-07-22,177.75999,180.17999,176.59,177.92,1268300,2026-08-27 10:18:09.045614+00:00
LYV,2026-07-21,177.48,179.85001,176.16,177.83,1926800,2026-08-27 10:18:09.045614+00:00
LYV,2026-07-20,181.36,183.98,180.23,180.86,1637900,2026-08-27 10:18:09.045614+00:00
LYV,2026-07-17,177.78999,181.23,177.78999,180.22,1256500,2026-08-27 10:18:09.045614+00:00
LYV,2026-07-16,178.66,179.91,176.95,179.85001,1415100,2026-08-27 10:18:09.045614+00:00
NWS,2026-08-26,35.175,35.255,34.96,35.14,11698,2026-08-27 10:18:09.045614+00:00
NWS,2026-08-25,34.84,35.185,34.205,35.15,919174,2026-08-27 10:18:09.045614+00:00
NWS,2026-08-24,34.57,35.12,34.46,35.049999,1355800,2026-08-27 10:18:09.045614+00:00
NWS,2026-08-21,33.66,34.62,33.66,34.55,856800,2026-08-27 10:18:09.045614+00:00
NWS,2026-08-20,33.21,33.83,33.029999,33.78,743300,2026-08-27 10:18:09.045614+00:00
NWS,2026-08-19,33.49,33.78,32.89,33.53,902200,2026-08-27 10:18:09.045614+00:00
NWS,2026-08-18,32.9,33.73,32.86,33.49,736900,2026-08-27 10:18:09.045614+00:00
NWS,2026-08-17,32.93,33.2,32.55,32.68,867600,2026-08-27 10:18:09.045614+00:00
NWS,2026-08-14,32.76,33.36,32.76,33.17,868500,2026-08-27 10:18:09.045614+00:00
NWS,2026-08-13,32.32,33.12,32.32,32.93,2207400,2026-08-27 10:18:09.045614+00:00
NWS,2026-08-12,32.47,32.92,32.26,32.68,1041400,2026-08-27 10:18:09.045614+00:00
NWS,2026-08-11,32.45,32.9,32.28,32.67,1090600,2026-08-27 10:18:09.045614+00:00
NWS,2026-08-10,32.26,32.68,32.080002,32.5,752300,2026-08-27 10:18:09.045614+00:00
NWS,2026-08-07,33.7,33.7,32.38,32.45,830200,2026-08-27 10:18:09.045614+00:00
NWS,2026-08-06,34.71,35.31,33.45,33.87,1861600,2026-08-27 10:18:09.045614+00:00
NWS,2026-08-05,32.83,33.14,32.13,33.13,1727300,2026-08-27 10:18:09.045614+00:00
NWS,2026-08-04,31.54,32.75,31.54,32.72,1601600,2026-08-27 10:18:09.045614+00:00
NWS,2026-08-03,31.71,32.23,31.55,31.79,1099700,2026-08-27 10:18:09.045614+00:00
NWS,2026-07-31,31.55,31.87,31.01,31.27,885000,2026-08-27 10:18:09.045614+00:00
NWS,2026-07-30,32.23,32.23,31.18,31.8,989300,2026-08-27 10:18:09.045614+00:00
NWS,2026-07-29,31.81,33.040001,31.81,32.64,1096000,2026-08-27 10:18:09.045614+00:00
NWS,2026-07-28,31.23,32.029999,31.15,31.81,1094800,2026-08-27 10:18:09.045614+00:00
NWS,2026-07-27,30.52,31.09,30.52,30.92,1064900,2026-08-27 10:18:09.045614+00:00
NWS,2026-07-24,29.69,30.27,29.69,30.19,758900,2026-08-27 10:18:09.045614+00:00
NWS,2026-07-23,30.62,30.85,29.6,29.75,1078800,2026-08-27 10:18:09.045614+00:00
NWS,2026-07-22,31.65,31.65,30.84,30.95,751200,2026-08-27 10:18:09.045614+00:00
NWS,2026-07-21,31.83,31.95,31.19,31.21,972200,2026-08-27 10:18:09.045614+00:00
NWS,2026-07-20,32.43,32.48,32.040001,32.21,883000,2026-08-27 10:18:09.045614+00:00
NWS,2026-07-17,32.64,32.91,32.19,32.42,1013100,2026-08-27 10:18:09.045614+00:00
NWS,2026-07-16,31.96,32.66,31.95,32.54,1083000,2026-08-27 10:18:09.045614+00:00
GOOG,2026-08-26,343.145,343.145,337.05,338.295,591878,2026-08-27 10:18:09.045614+00:00
GOOG,2026-08-25,345.66199,346.70001,342.14499,343.34,13996449,2026-08-27 10:18:09.045614+00:00
GOOG,2026-08-24,340.73999,348.079987,339.62,344.59,16450600,2026-08-27 10:18:09.045614+00:00
GOOG,2026-08-21,340.28,343.29001,337.81,341.75,15363900,2026-08-27 10:18:09.045614+00:00
GOOG,2026-08-20,339.69,340.79999,336.17001,338.20001,14187700,2026-08-27 10:18:09.045614+00:00
GOOG,2026-08-19,339.81,343.56,338.049988,341.70001,13360500,2026-08-27 10:18:09.045614+00:00
GOOG,2026-08-18,339.89499,342.39001,337.51999,341.28,14254300,2026-08-27 10:18:09.045614+00:00
GOOG,2026-08-17,344.059998,345.049988,339.57001,341.45001,12606100,2026-08-27 10:18:09.045614+00:00
GOOG,2026-08-14,344.26001,348.059998,342.070007,343.54001,10946800,2026-08-27 10:18:09.045614+00:00
GOOG,2026-08-13,344.57001,345.82999,342.39999,343.94,14997800,2026-08-27 10:18:09.045614+00:00
GOOG,2026-08-12,345.32999,345.5,339.82001,342.37,15608800,2026-08-27 10:18:09.045614+00:00
GOOG,2026-08-11,354.0,355.0,342.57001,343.0,18390200,2026-08-27 10:18:09.045614+00:00
GOOG,2026-08-10,354.23999,355.92999,351.47,355.84,12789500,2026-08-27 10:18:09.045614+00:00
GOOG,2026-08-07,355.28,357.54999,352.82001,353.47,14516700,2026-08-27 10:18:09.045614+00:00
GOOG,2026-08-06,358.79199,361.95999,355.82999,356.62,16513400,2026-08-27 10:18:09.045614+00:00
GOOG,2026-08-05,380.0,381.81,355.16,360.13,29436300,2026-08-27 10:18:09.045614+00:00
GOOG,2026-08-04,366.51999,377.66901,366.16,375.35001,19983300,2026-08-27 10:18:09.045614+00:00
GOOG,2026-08-03,365.29999,376.10001,363.26001,372.47,27165400,2026-08-27 10:18:09.045614+00:00
GOOG,2026-07-31,340.070007,358.88,339.16,356.64999,30514500,2026-08-27 10:18:09.045614+00:00
GOOG,2026-07-30,333.079987,335.45001,329.82001,333.67999,17309500,2026-08-27 10:18:09.045614+00:00
GOOG,2026-07-29,333.5,341.98001,330.40799,335.76001,20242900,2026-08-27 10:18:09.045614+00:00
GOOG,2026-07-28,327.79999,335.20999,324.54001,332.60001,20986900,2026-08-27 10:18:09.045614+00:00
GOOG,2026-07-27,324.73999,330.10101,324.41,326.57001,21419600,2026-08-27 10:18:09.045614+00:00
GOOG,2026-07-24,318.29999,323.98001,317.5,319.089996,21630800,2026-08-27 10:18:09.045614+00:00
GOOG,2026-07-23,321.63,324.45001,314.89001,318.34,46751900,2026-08-27 10:18:09.045614+00:00
GOOG,2026-07-22,347.17999,349.45001,341.64001,341.91,23273800,2026-08-27 10:18:09.045614+00:00
GOOG,2026-07-21,350.56,350.73999,346.01001,346.19,17419500,2026-08-27 10:18:09.045614+00:00
GOOG,2026-07-20,350.17001,359.48999,350.0050049,351.37,13203300,2026-08-27 10:18:09.045614+00:00
GOOG,2026-07-17,345.76999,348.17001,341.125,346.12,22023900,2026-08-27 10:18:09.045614+00:00
GOOG,2026-07-16,372.17001,374.35001,351.67001,353.81,23603700,2026-08-27 10:18:09.045614+00:00
VZ,2026-08-26,50.23,50.78,50.085,50.25,813090,2026-08-27 10:18:09.045614+00:00
VZ,2026-08-25,49.995,50.33,49.79,50.25,21336318,2026-08-27 10:18:09.045614+00:00
VZ,2026-08-24,49.49,50.28,49.36,50.15,19498700,2026-08-27 10:18:09.045614+00:00
VZ,2026-08-21,49.37,49.72,49.17,49.45,15078100,2026-08-27 10:18:09.045614+00:00
VZ,2026-08-20,49.28,49.59,49.14,49.19,12546300,2026-08-27 10:18:09.045614+00:00
VZ,2026-08-19,48.6,49.6,48.59,49.36,17796000,2026-08-27 10:18:09.045614+00:00
VZ,2026-08-18,48.57,49.0099983,48.41,48.54,14376300,2026-08-27 10:18:09.045614+00:00
VZ,2026-08-17,48.24,48.68,48.0,48.060001,14466200,2026-08-27 10:18:09.045614+00:00
VZ,2026-08-14,48.46,48.61,48.19,48.48,15062300,2026-08-27 10:18:09.045614+00:00
VZ,2026-08-13,47.029999,48.24,47.0,48.22,17937300,2026-08-27 10:18:09.045614+00:00
VZ,2026-08-12,46.89,47.080002,46.61,46.98,12120500,2026-08-27 10:18:09.045614+00:00
VZ,2026-08-11,46.9,47.45,46.8,47.27,13314600,2026-08-27 10:18:09.045614+00:00
VZ,2026-08-10,46.74,47.12,46.099998,47.029999,15462500,2026-08-27 10:18:09.045614+00:00
VZ,2026-08-07,46.34,47.060001,46.09,47.060001,20545000,2026-08-27 10:18:09.045614+00:00
VZ,2026-08-06,47.2,47.48,46.58,46.99,24297000,2026-08-27 10:18:09.045614+00:00
VZ,2026-08-05,46.0,46.91,45.09,46.47,39580600,2026-08-27 10:18:09.045614+00:00
VZ,2026-08-04,47.0,47.080002,46.060001,46.88,23748600,2026-08-27 10:18:09.045614+00:00
VZ,2026-08-03,47.32,47.81,47.15,47.36,23007900,2026-08-27 10:18:09.045614+00:00
VZ,2026-07-31,45.9,46.91,45.47,46.81,28291300,2026-08-27 10:18:09.045614+00:00
VZ,2026-07-30,46.4,47.09,45.73,46.11,20937900,2026-08-27 10:18:09.045614+00:00
VZ,2026-07-29,48.48,48.54,45.7,47.22,41396200,2026-08-27 10:18:09.045614+00:00
VZ,2026-07-28,47.85,49.0099983,47.8,48.19,29692600,2026-08-27 10:18:09.045614+00:00
VZ,2026-07-27,46.38,47.56,46.32,47.32,30409500,2026-08-27 10:18:09.045614+00:00
VZ,2026-07-24,44.080002,46.44,43.73,46.38,40755200,2026-08-27 10:18:09.045614+00:00
VZ,2026-07-23,44.16,44.58,43.78,43.82,28013500,2026-08-27 10:18:09.045614+00:00
VZ,2026-07-22,45.040001,45.12,44.16,44.29,23734300,2026-08-27 10:18:09.045614+00:00
VZ,2026-07-21,43.25,43.87,42.89,43.78,20340100,2026-08-27 10:18:09.045614+00:00
VZ,2026-07-20,43.28,43.66,43.14,43.5,21344400,2026-08-27 10:18:09.045614+00:00
VZ,2026-07-17,44.64,45.02,43.27,43.59,31014400,2026-08-27 10:18:09.045614+00:00
VZ,2026-07-16,43.0,44.22,42.89,43.88,25260300,2026-08-27 10:18:09.045614+00:00
CMCSA,2026-08-26,27.21,27.265,26.975,27.04,540385,2026-08-27 10:18:09.045614+00:00
CMCSA,2026-08-25,26.95,27.35,26.69,27.1,22648713,2026-08-27 10:18:09.045614+00:00
CMCSA,2026-08-24,26.9,27.18,26.84,27.02,16800400,2026-08-27 10:18:09.045614+00:00
CMCSA,2026-08-21,26.57,26.97,26.43,26.85,20308000,2026-08-27 10:18:09.045614+00:00
CMCSA,2026-08-20,26.57,26.76,26.25,26.42,18865500,2026-08-27 10:18:09.045614+00:00
CMCSA,2026-08-19,26.14,27.040001,26.14,26.59,23087500,2026-08-27 10:18:09.045614+00:00
CMCSA,2026-08-18,25.9,26.28,25.7,26.2,26609100,2026-08-27 10:18:09.045614+00:00
CMCSA,2026-08-17,25.88,26.09,25.5,25.57,21547000,2026-08-27 10:18:09.045614+00:00
CMCSA,2026-08-14,26.31,26.49,26.13,26.18,20010500,2026-08-27 10:18:09.045614+00:00
CMCSA,2026-08-13,25.63,26.26,25.62,26.18,18079800,2026-08-27 10:18:09.045614+00:00
CMCSA,2026-08-12,25.54,25.63,25.07,25.47,21388300,2026-08-27 10:18:09.045614+00:00
CMCSA,2026-08-11,25.040001,25.68,25.040001,25.65,22284200,2026-08-27 10:18:09.045614+00:00
CMCSA,2026-08-10,25.16,25.24,24.78,25.2,19015000,2026-08-27 10:18:09.045614+00:00
CMCSA,2026-08-07,24.99,25.5,24.94,25.36,19058900,2026-08-27 10:18:09.045614+00:00
CMCSA,2026-08-06,24.99,25.2,24.76,25.17,27604600,2026-08-27 10:18:09.045614+00:00
CMCSA,2026-08-05,24.92,24.93,24.34,24.75,28978300,2026-08-27 10:18:09.045614+00:00
CMCSA,2026-08-04,24.4,24.97,24.33,24.93,31994600,2026-08-27 10:18:09.045614+00:00
CMCSA,2026-08-03,24.43,24.9,24.39,24.56,37773900,2026-08-27 10:18:09.045614+00:00
CMCSA,2026-07-31,23.44,24.15,23.28,23.96,28202400,2026-08-27 10:18:09.045614+00:00
CMCSA,2026-07-30,23.85,24.09,23.36,23.67,29273100,2026-08-27 10:18:09.045614+00:00
CMCSA,2026-07-29,24.16,24.88,23.84,24.61,37047700,2026-08-27 10:18:09.045614+00:00
CMCSA,2026-07-28,23.25,24.26,23.23,24.19,41669500,2026-08-27 10:18:09.045614+00:00
CMCSA,2026-07-27,22.43,23.29,22.36,22.8,37492900,2026-08-27 10:18:09.045614+00:00
CMCSA,2026-07-24,21.3,22.49,21.28,22.3,48229800,2026-08-27 10:18:09.045614+00:00
CMCSA,2026-07-23,24.01,24.01,21.91,21.92,53009300,2026-08-27 10:18:09.045614+00:00
CMCSA,2026-07-22,24.16,24.25,23.49,23.52,36648000,2026-08-27 10:18:09.045614+00:00
CMCSA,2026-07-21,23.71,23.95,23.58,23.81,27095900,2026-08-27 10:18:09.045614+00:00
CMCSA,2026-07-20,23.88,23.99,23.37,23.78,37183500,2026-08-27 10:18:09.045614+00:00
CMCSA,2026-07-17,24.35,24.68,23.66,23.79,40121300,2026-08-27 10:18:09.045614+00:00
CMCSA,2026-07-16,23.72,24.28,23.6,24.1,32232800,2026-08-27 10:18:09.045614+00:00
MAR,2026-08-26,358.85,360.63,355.22,357.475,34525,2026-08-27 10:18:09.045614+00:00
MAR,2026-08-25,360.60999,362.29001,357.42999,357.76999,1224400,2026-08-27 10:18:09.045614+00:00
MAR,2026-08-24,359.37,363.39001,357.26001,360.20001,954600,2026-08-27 10:18:09.045614+00:00
MAR,2026-08-21,359.019989,361.0,354.19,356.39001,994500,2026-08-27 10:18:09.045614+00:00
MAR,2026-08-20,356.60999,358.75,354.57001,356.60001,1861800,2026-08-27 10:18:09.045614+00:00
MAR,2026-08-19,358.39999,365.10999,357.17999,359.95001,1288200,2026-08-27 10:18:09.045614+00:00
MAR,2026-08-18,358.35001,361.45999,355.66,357.32999,1505400,2026-08-27 10:18:09.045614+00:00
MAR,2026-08-17,353.94,357.98001,353.0,356.57001,1313100,2026-08-27 10:18:09.045614+00:00
MAR,2026-08-14,350.72,358.10001,349.73999,356.72,880500,2026-08-27 10:18:09.045614+00:00
MAR,2026-08-13,356.57999,357.60999,350.98001,352.53,997000,2026-08-27 10:18:09.045614+00:00
MAR,2026-08-12,351.60001,356.60001,348.88,354.57999,1350800,2026-08-27 10:18:09.045614+00:00
MAR,2026-08-11,348.97,352.26999,347.26999,349.48999,2390400,2026-08-27 10:18:09.045614+00:00
MAR,2026-08-10,350.10001,353.35999,344.70999,348.44,1716600,2026-08-27 10:18:09.045614+00:00
MAR,2026-08-07,358.84,359.97,353.45999,353.91,2278700,2026-08-27 10:18:09.045614+00:00
MAR,2026-08-06,362.01001,364.73999,356.01001,359.67001,1677200,2026-08-27 10:18:09.045614+00:00
MAR,2026-08-05,348.31,361.82999,347.78,361.31,2051400,2026-08-27 10:18:09.045614+00:00
MAR,2026-08-04,344.79001,346.35999,340.81,345.20001,3376600,2026-08-27 10:18:09.045614+00:00
MAR,2026-08-03,359.44,365.47,344.13,346.82999,4419300,2026-08-27 10:18:09.045614+00:00
MAR,2026-07-31,377.01001,377.92999,372.63,372.82999,1564300,2026-08-27 10:18:09.045614+00:00
MAR,2026-07-30,380.0,380.60001,371.089996,375.48001,1593500,2026-08-27 10:18:09.045614+00:00
MAR,2026-07-29,377.25,383.26001,375.62,381.12,1542200,2026-08-27 10:18:09.045614+00:00
MAR,2026-07-28,382.64001,384.23001,374.54999,383.51999,1804600,2026-08-27 10:18:09.045614+00:00
MAR,2026-07-27,378.10999,384.20001,377.53,383.059998,1376900,2026-08-27 10:18:09.045614+00:00
MAR,2026-07-24,365.57999,375.78,364.25,374.42999,1231700,2026-08-27 10:18:09.045614+00:00
MAR,2026-07-23,363.67001,365.92001,360.70999,364.47,1200300,2026-08-27 10:18:09.045614+00:00
MAR,2026-07-22,367.53,371.39999,366.75,369.79999,915100,2026-08-27 10:18:09.045614+00:00
MAR,2026-07-21,370.79001,372.20999,365.049988,367.81,1013100,2026-08-27 10:18:09.045614+00:00
MAR,2026-07-20,369.81,371.32999,364.63,366.92999,1064700,2026-08-27 10:18:09.045614+00:00
MAR,2026-07-17,371.14001,372.98001,363.51999,366.23999,1845500,2026-08-27 10:18:09.045614+00:00
MAR,2026-07-16,370.48999,376.44,368.32999,371.14001,1257800,2026-08-27 10:18:09.045614+00:00
TPR,2026-08-26,130.37,130.78,129.56,130.56,101640,2026-08-27 10:18:09.045614+00:00
TPR,2026-08-25,132.35001,132.35001,129.89999,130.12,2297585,2026-08-27 10:18:09.045614+00:00
TPR,2026-08-24,130.22,132.98,130.19,132.16,3902400,2026-08-27 10:18:09.045614+00:00
TPR,2026-08-21,130.75,131.37,129.52,130.17,3381300,2026-08-27 10:18:09.045614+00:00
TPR,2026-08-20,130.38,130.98,127.94,129.82001,4068900,2026-08-27 10:18:09.045614+00:00
TPR,2026-08-19,132.0,134.92999,130.99001,131.72,2783200,2026-08-27 10:18:09.045614+00:00
TPR,2026-08-18,129.46001,135.35001,129.25,132.25999,4183900,2026-08-27 10:18:09.045614+00:00
TPR,2026-08-17,128.3,130.0,126.95,129.020004,4615400,2026-08-27 10:18:09.045614+00:00
TPR,2026-08-14,127.95,129.88,126.14,128.98,5541000,2026-08-27 10:18:09.045614+00:00
TPR,2026-08-13,132.7,135.78,127.78,128.39,8534000,2026-08-27 10:18:09.045614+00:00
TPR,2026-08-12,160.92999,160.92999,152.61,153.74001,3801100,2026-08-27 10:18:09.045614+00:00
TPR,2026-08-11,163.78999,164.52,158.080002,160.53999,3932100,2026-08-27 10:18:09.045614+00:00
TPR,2026-08-10,161.52,164.8,159.42999,164.78,2488600,2026-08-27 10:18:09.045614+00:00
TPR,2026-08-07,163.10001,163.39999,159.86,162.36,2225200,2026-08-27 10:18:09.045614+00:00
TPR,2026-08-06,160.84,163.94,159.63,162.0,2003900,2026-08-27 10:18:09.045614+00:00
TPR,2026-08-05,157.19,161.58,156.56,159.16,1801300,2026-08-27 10:18:09.045614+00:00
TPR,2026-08-04,153.85001,157.62,153.85001,155.97,1649900,2026-08-27 10:18:09.045614+00:00
TPR,2026-08-03,155.0,157.10001,153.46001,155.63,1659600,2026-08-27 10:18:09.045614+00:00
TPR,2026-07-31,154.56,154.61,151.49001,152.37,1750000,2026-08-27 10:18:09.045614+00:00
TPR,2026-07-30,150.84,152.67999,149.28,152.58,1440800,2026-08-27 10:18:09.045614+00:00
TPR,2026-07-29,147.86,151.52,147.53,150.11,2776500,2026-08-27 10:18:09.045614+00:00
TPR,2026-07-28,149.36,151.23,146.63,150.89999,2177300,2026-08-27 10:18:09.045614+00:00
TPR,2026-07-27,144.070007,147.59,142.92,147.42999,2000200,2026-08-27 10:18:09.045614+00:00
TPR,2026-07-24,139.25999,142.94,137.46001,142.60001,1485900,2026-08-27 10:18:09.045614+00:00
TPR,2026-07-23,141.029999,143.55,138.67999,139.13,1674800,2026-08-27 10:18:09.045614+00:00
TPR,2026-07-22,141.55,143.86,139.89,143.73,2034600,2026-08-27 10:18:09.045614+00:00
TPR,2026-07-21,143.75999,143.75999,140.50999,142.16,1656000,2026-08-27 10:18:09.045614+00:00
TPR,2026-07-20,140.7,143.39,140.020004,141.12,2264900,2026-08-27 10:18:09.045614+00:00
TPR,2026-07-17,141.38,144.11,140.81,141.46001,2324400,2026-08-27 10:18:09.045614+00:00
TPR,2026-07-16,140.0,146.77,138.75999,144.19,4123900,2026-08-27 10:18:09.045614+00:00
LULU,2026-08-26,118.18,118.71,115.93,116.91,101976,2026-08-27 10:18:09.045614+00:00
LULU,2026-08-25,118.62,119.55,117.12,118.33,3500300,2026-08-27 10:18:09.045614+00:00
LULU,2026-08-24,122.22,123.49,120.31,122.78,2743400,2026-08-27 10:18:09.045614+00:00
LULU,2026-08-21,116.9,121.66,116.9,121.07,3247100,2026-08-27 10:18:09.045614+00:00
LULU,2026-08-20,117.17,117.85,114.69,115.69,3339200,2026-08-27 10:18:09.045614+00:00
LULU,2026-08-19,119.029999,121.34,119.010002,119.45,1974900,2026-08-27 10:18:09.045614+00:00
LULU,2026-08-18,116.98,122.050003,115.61,119.010002,3042800,2026-08-27 10:18:09.045614+00:00
LULU,2026-08-17,118.48,119.33,114.91,115.74,2830000,2026-08-27 10:18:09.045614+00:00
LULU,2026-08-14,119.099998,120.23,117.95,119.55,2988400,2026-08-27 10:18:09.045614+00:00
LULU,2026-08-13,122.27,122.88,118.77,119.56,3535700,2026-08-27 10:18:09.045614+00:00
LULU,2026-08-12,124.87,124.95,120.7,120.87,2861800,2026-08-27 10:18:09.045614+00:00
LULU,2026-08-11,125.5,126.48,123.6,125.61,2233000,2026-08-27 10:18:09.045614+00:00
LULU,2026-08-10,128.75,128.75999,125.019997,127.8,2136500,2026-08-27 10:18:09.045614+00:00
LULU,2026-08-07,124.54,128.86,124.0,128.58,2792100,2026-08-27 10:18:09.045614+00:00
LULU,2026-08-06,122.6,125.92,122.010002,124.73,2222900,2026-08-27 10:18:09.045614+00:00
LULU,2026-08-05,123.94,124.82,122.6,123.51,1857400,2026-08-27 10:18:09.045614+00:00
LULU,2026-08-04,121.75,124.61,120.86,123.029999,2161300,2026-08-27 10:18:09.045614+00:00
LULU,2026-08-03,122.18,124.38,120.54,123.67,2359800,2026-08-27 10:18:09.045614+00:00
LULU,2026-07-31,120.4,121.0,117.87,118.87,2515400,2026-08-27 10:18:09.045614+00:00
LULU,2026-07-30,117.53,119.69,115.11,119.48,2026600,2026-08-27 10:18:09.045614+00:00
LULU,2026-07-29,118.8,120.87,118.040001,119.029999,2399000,2026-08-27 10:18:09.045614+00:00
LULU,2026-07-28,119.0,121.88,118.48,120.32,2883700,2026-08-27 10:18:09.045614+00:00
LULU,2026-07-27,117.59,118.37,115.76,117.83,2781000,2026-08-27 10:18:09.045614+00:00
LULU,2026-07-24,111.3,115.7,110.55,114.28,2912500,2026-08-27 10:18:09.045614+00:00
LULU,2026-07-23,111.21,112.14,109.2,110.63,2717600,2026-08-27 10:18:09.045614+00:00
LULU,2026-07-22,116.099998,116.56,112.43,113.37,2238900,2026-08-27 10:18:09.045614+00:00
LULU,2026-07-21,113.88,116.95,113.39,116.63,1961000,2026-08-27 10:18:09.045614+00:00
LULU,2026-07-20,116.23,117.81,115.0,116.67,2395200,2026-08-27 10:18:09.045614+00:00
LULU,2026-07-17,118.010002,119.050003,115.66,116.33,2841000,2026-08-27 10:18:09.045614+00:00
LULU,2026-07-16,115.07,119.9,114.34,118.79,2118200,2026-08-27 10:18:09.045614+00:00
ULTA,2026-08-26,536.105,539.44,529.025,539.11,15020,2026-08-27 10:18:09.045614+00:00
ULTA,2026-08-25,533.79999,537.95001,526.070007,537.21997,707090,2026-08-27 10:18:09.045614+00:00
ULTA,2026-08-24,528.81,540.98999,526.73999,538.76001,612200,2026-08-27 10:18:09.045614+00:00
ULTA,2026-08-21,517.60999,529.65997,513.59003,521.46002,468400,2026-08-27 10:18:09.045614+00:00
ULTA,2026-08-20,522.01001,526.78003,513.58002,515.14001,497000,2026-08-27 10:18:09.045614+00:00
ULTA,2026-08-19,520.10999,542.39001,517.56,527.84998,646000,2026-08-27 10:18:09.045614+00:00
ULTA,2026-08-18,496.75,524.79999,496.75,516.73999,773000,2026-08-27 10:18:09.045614+00:00
ULTA,2026-08-17,506.26999,507.48999,493.10999,493.32999,556300,2026-08-27 10:18:09.045614+00:00
ULTA,2026-08-14,515.47998,517.53003,506.97,510.75,639300,2026-08-27 10:18:09.045614+00:00
ULTA,2026-08-13,531.89001,534.27002,512.20001,515.57001,758800,2026-08-27 10:18:09.045614+00:00
ULTA,2026-08-12,537.98999,539.73999,530.62,531.89001,510800,2026-08-27 10:18:09.045614+00:00
ULTA,2026-08-11,546.0,553.17999,540.29999,541.34998,414600,2026-08-27 10:18:09.045614+00:00
ULTA,2026-08-10,560.98999,561.5,545.91998,548.65997,727300,2026-08-27 10:18:09.045614+00:00
ULTA,2026-08-07,538.84998,566.72998,537.91998,565.15002,566300,2026-08-27 10:18:09.045614+00:00
ULTA,2026-08-06,539.60999,543.96002,536.51001,538.78998,358300,2026-08-27 10:18:09.045614+00:00
ULTA,2026-08-05,547.13,550.77002,535.28998,539.46997,459300,2026-08-27 10:18:09.045614+00:00
ULTA,2026-08-04,526.39001,546.13,526.39001,543.85999,494700,2026-08-27 10:18:09.045614+00:00
ULTA,2026-08-03,519.31,535.26001,516.42999,534.40997,977500,2026-08-27 10:18:09.045614+00:00
ULTA,2026-07-31,516.37,516.37,506.20999,512.83002,511300,2026-08-27 10:18:09.045614+00:00
ULTA,2026-07-30,507.19,517.27002,505.0,516.72998,535700,2026-08-27 10:18:09.045614+00:00
ULTA,2026-07-29,501.82001,516.83002,497.059998,508.089996,562000,2026-08-27 10:18:09.045614+00:00
ULTA,2026-07-28,488.089996,503.42001,486.26001,501.51999,517600,2026-08-27 10:18:09.045614+00:00
ULTA,2026-07-27,480.20001,484.60001,474.45999,480.51001,425100,2026-08-27 10:18:09.045614+00:00
ULTA,2026-07-24,476.17999,481.01001,471.76001,475.35999,545400,2026-08-27 10:18:09.045614+00:00
ULTA,2026-07-23,479.81,483.5,473.67999,477.95999,519500,2026-08-27 10:18:09.045614+00:00
ULTA,2026-07-22,491.39999,493.040009,479.53,483.51999,551900,2026-08-27 10:18:09.045614+00:00
ULTA,2026-07-21,485.38,494.64001,482.79001,489.47,744900,2026-08-27 10:18:09.045614+00:00
ULTA,2026-07-20,489.0,490.0,475.60999,488.079987,635100,2026-08-27 10:18:09.045614+00:00
ULTA,2026-07-17,479.14999,492.94,475.53,479.57001,773600,2026-08-27 10:18:09.045614+00:00
ULTA,2026-07-16,469.040009,481.75,465.78,478.85999,523900,2026-08-27 10:18:09.045614+00:00
LEN,2026-08-26,87.46,88.05,86.525,87.74,42266,2026-08-27 10:18:09.045614+00:00
LEN,2026-08-25,88.93,88.93,87.27,87.68,2034292,2026-08-27 10:18:09.045614+00:00
LEN,2026-08-24,88.0,89.15,87.42,88.16,3575500,2026-08-27 10:18:09.045614+00:00
LEN,2026-08-21,86.49,87.72,85.55,87.019997,2038000,2026-08-27 10:18:09.045614+00:00
LEN,2026-08-20,85.42,86.47,84.75,85.42,2186700,2026-08-27 10:18:09.045614+00:00
LEN,2026-08-19,87.99,89.65,86.81,87.3,3431900,2026-08-27 10:18:09.045614+00:00
LEN,2026-08-18,87.48,87.66,84.6,84.94,2542600,2026-08-27 10:18:09.045614+00:00
LEN,2026-08-17,86.5,87.37,84.98,86.54,3012300,2026-08-27 10:18:09.045614+00:00
LEN,2026-08-14,86.99,87.79,86.24,86.83,1803100,2026-08-27 10:18:09.045614+00:00
LEN,2026-08-13,86.76,88.41,85.76,87.54,1729200,2026-08-27 10:18:09.045614+00:00
LEN,2026-08-12,87.53,87.53,85.050003,85.2,1794000,2026-08-27 10:18:09.045614+00:00
LEN,2026-08-11,85.74,87.7,85.72,87.55,1463400,2026-08-27 10:18:09.045614+00:00
LEN,2026-08-10,87.76,87.76,85.12,85.6,1644700,2026-08-27 10:18:09.045614+00:00
LEN,2026-08-07,85.94,88.36,85.33,88.18,2472800,2026-08-27 10:18:09.045614+00:00
LEN,2026-08-06,87.019997,87.15,84.07,84.82,2408400,2026-08-27 10:18:09.045614+00:00
LEN,2026-08-05,86.18,88.089996,86.0,87.88,1986500,2026-08-27 10:18:09.045614+00:00
LEN,2026-08-04,85.67,87.4,84.89,87.019997,1711100,2026-08-27 10:18:09.045614+00:00
LEN,2026-08-03,84.0,85.77,83.87,85.2,2137100,2026-08-27 10:18:09.045614+00:00
LEN,2026-07-31,83.3,83.8,81.95,82.35,2586200,2026-08-27 10:18:09.045614+00:00
LEN,2026-07-30,84.98,85.5,82.92,83.75,1996700,2026-08-27 10:18:09.045614+00:00
LEN,2026-07-29,86.69,87.81,84.19,84.56,4293900,2026-08-27 10:18:09.045614+00:00
LEN,2026-07-28,86.98,88.36,85.9,87.65,2615400,2026-08-27 10:18:09.045614+00:00
LEN,2026-07-27,86.010002,86.82,84.78,85.040001,1852000,2026-08-27 10:18:09.045614+00:00
LEN,2026-07-24,82.47,85.33,82.099998,84.64,2551200,2026-08-27 10:18:09.045614+00:00
LEN,2026-07-23,80.77,82.38,79.83,82.13,3470800,2026-08-27 10:18:09.045614+00:00
LEN,2026-07-22,82.96,83.79,81.34,82.15,2621200,2026-08-27 10:18:09.045614+00:00
LEN,2026-07-21,82.27,83.0,81.56,81.84,2155700,2026-08-27 10:18:09.045614+00:00
LEN,2026-07-20,84.7,84.7,82.15,82.9,2839600,2026-08-27 10:18:09.045614+00:00
LEN,2026-07-17,86.42,88.17,83.52,83.89,2145000,2026-08-27 10:18:09.045614+00:00
LEN,2026-07-16,84.32,87.77,84.32,86.4,2023400,2026-08-27 10:18:09.045614+00:00
ROST,2026-08-26,243.17,243.17,234.25,236.7,82826,2026-08-27 10:18:09.045614+00:00
ROST,2026-08-25,241.46001,242.16,236.78,241.19,2178127,2026-08-27 10:18:09.045614+00:00
ROST,2026-08-24,238.080002,241.85001,235.39999,241.52,2735300,2026-08-27 10:18:09.045614+00:00
ROST,2026-08-21,243.85001,243.86,234.49001,239.039993,6967600,2026-08-27 10:18:09.045614+00:00
ROST,2026-08-20,229.55,232.94,228.050003,228.99001,6306500,2026-08-27 10:18:09.045614+00:00
ROST,2026-08-19,233.59,239.67,232.56,234.69,3001900,2026-08-27 10:18:09.045614+00:00
ROST,2026-08-18,235.49001,239.94,234.3,236.38,3954500,2026-08-27 10:18:09.045614+00:00
ROST,2026-08-17,244.89,244.89,234.86,235.28,2943600,2026-08-27 10:18:09.045614+00:00
ROST,2026-08-14,243.21001,247.050003,242.72,245.36,1933700,2026-08-27 10:18:09.045614+00:00
ROST,2026-08-13,249.17,249.17,242.14,244.96001,1797900,2026-08-27 10:18:09.045614+00:00
ROST,2026-08-12,249.63,251.97,247.17999,248.25,2601100,2026-08-27 10:18:09.045614+00:00
ROST,2026-08-11,253.14,255.60001,251.36,251.81,2348200,2026-08-27 10:18:09.045614+00:00
ROST,2026-08-10,255.020004,256.45001,253.53,254.83,2116800,2026-08-27 10:18:09.045614+00:00
ROST,2026-08-07,253.36,255.98,251.0,255.23,1214000,2026-08-27 10:18:09.045614+00:00
ROST,2026-08-06,253.75,254.85001,250.86,254.31,1486700,2026-08-27 10:18:09.045614+00:00
ROST,2026-08-05,251.82001,254.42,251.19,253.22,1688100,2026-08-27 10:18:09.045614+00:00
ROST,2026-08-04,252.91,253.5,250.34,251.059998,2261600,2026-08-27 10:18:09.045614+00:00
ROST,2026-08-03,256.25,257.0,251.78,252.91,2457300,2026-08-27 10:18:09.045614+00:00
ROST,2026-07-31,252.78,252.82001,250.69,251.070007,1610900,2026-08-27 10:18:09.045614+00:00
ROST,2026-07-30,250.94,252.75,248.58,252.57001,2452000,2026-08-27 10:18:09.045614+00:00
ROST,2026-07-29,250.83,255.3,248.46001,251.96001,2542200,2026-08-27 10:18:09.045614+00:00
ROST,2026-07-28,245.14999,252.089996,245.029999,251.029999,3192100,2026-08-27 10:18:09.045614+00:00
ROST,2026-07-27,241.86,244.22,240.61,243.35001,2775200,2026-08-27 10:18:09.045614+00:00
ROST,2026-07-24,232.7,240.029999,232.42999,238.89,1500700,2026-08-27 10:18:09.045614+00:00
ROST,2026-07-23,237.3,237.47,231.89,232.39,2008300,2026-08-27 10:18:09.045614+00:00
ROST,2026-07-22,237.64999,239.039993,235.84,238.21001,1747500,2026-08-27 10:18:09.045614+00:00
ROST,2026-07-21,237.36,237.64,230.14,235.81,2327500,2026-08-27 10:18:09.045614+00:00
ROST,2026-07-20,235.48,236.080002,233.13,235.78,2055500,2026-08-27 10:18:09.045614+00:00
ROST,2026-07-17,231.92,237.059998,231.75999,233.46001,2027900,2026-08-27 10:18:09.045614+00:00
ROST,2026-07-16,226.71001,233.73,226.71001,232.72,2248000,2026-08-27 10:18:09.045614+00:00
DASH,2026-08-26,234.34,237.8,233.74,237.245,139499,2026-08-27 10:18:09.045614+00:00
DASH,2026-08-25,229.28,234.63,227.0,233.5,4102330,2026-08-27 10:18:09.045614+00:00
DASH,2026-08-24,222.029999,230.070007,219.98,229.059998,3882200,2026-08-27 10:18:09.045614+00:00
DASH,2026-08-21,223.47,225.948,219.16,223.49001,3761400,2026-08-27 10:18:09.045614+00:00
DASH,2026-08-20,219.0099945,224.039993,216.0099945,222.36,5870900,2026-08-27 10:18:09.045614+00:00
DASH,2026-08-19,216.7,222.39,215.85001,220.22,4596500,2026-08-27 10:18:09.045614+00:00
DASH,2026-08-18,212.89,222.81,212.66,216.35001,6405500,2026-08-27 10:18:09.045614+00:00
DASH,2026-08-17,214.69,218.94,212.020004,212.72,4447900,2026-08-27 10:18:09.045614+00:00
DASH,2026-08-14,215.38,219.53,213.25,217.020004,2626300,2026-08-27 10:18:09.045614+00:00
DASH,2026-08-13,213.67,218.38,210.14999,216.25999,3199200,2026-08-27 10:18:09.045614+00:00
DASH,2026-08-12,212.88,215.22,210.11,212.49001,3105100,2026-08-27 10:18:09.045614+00:00
DASH,2026-08-11,209.71001,216.35001,206.25,212.0,4298500,2026-08-27 10:18:09.045614+00:00
DASH,2026-08-10,212.5,215.99001,207.53999,209.86,6822000,2026-08-27 10:18:09.045614+00:00
DASH,2026-08-07,212.25,222.39,209.62,216.25999,6257300,2026-08-27 10:18:09.045614+00:00
DASH,2026-08-06,214.67,218.029999,207.175,213.25999,8599900,2026-08-27 10:18:09.045614+00:00
DASH,2026-08-05,204.205,208.19,203.10001,207.27,5053700,2026-08-27 10:18:09.045614+00:00
DASH,2026-08-04,201.63,204.5,199.28,202.37,3842000,2026-08-27 10:18:09.045614+00:00
DASH,2026-08-03,200.45,203.88,197.925,200.5,3456300,2026-08-27 10:18:09.045614+00:00
DASH,2026-07-31,197.57001,198.47,193.53999,196.16,3112700,2026-08-27 10:18:09.045614+00:00
DASH,2026-07-30,189.952,197.84,188.82001,197.53,3433800,2026-08-27 10:18:09.045614+00:00
DASH,2026-07-29,195.2,199.89,192.82001,193.53,3878100,2026-08-27 10:18:09.045614+00:00
DASH,2026-07-28,185.55,195.785,185.55,195.52,3722100,2026-08-27 10:18:09.045614+00:00
DASH,2026-07-27,177.5,185.55,177.28999,184.37,3640100,2026-08-27 10:18:09.045614+00:00
DASH,2026-07-24,171.0,175.55,169.67,172.91,3687300,2026-08-27 10:18:09.045614+00:00
DASH,2026-07-23,174.42999,175.2,166.58,169.77,4928200,2026-08-27 10:18:09.045614+00:00
DASH,2026-07-22,187.55,188.53,176.10001,177.73,3761600,2026-08-27 10:18:09.045614+00:00
DASH,2026-07-21,186.96001,189.14,185.24001,188.039993,2807800,2026-08-27 10:18:09.045614+00:00
DASH,2026-07-20,184.64999,191.55,183.972,189.020004,2831500,2026-08-27 10:18:09.045614+00:00
DASH,2026-07-17,186.14999,189.75,181.67999,184.14,2561900,2026-08-27 10:18:09.045614+00:00
DASH,2026-07-16,192.31,194.5,185.0099945,186.36,3253200,2026-08-27 10:18:09.045614+00:00
GPC,2026-08-26,138.48,138.81,137.05,138.6,39356,2026-08-27 10:18:09.045614+00:00
GPC,2026-08-25,136.039993,138.21001,135.31,137.95,1210765,2026-08-27 10:18:09.045614+00:00
GPC,2026-08-24,134.080002,135.75999,133.92999,135.69,775000,2026-08-27 10:18:09.045614+00:00
GPC,2026-08-21,133.42,135.070007,132.77,133.96001,1245900,2026-08-27 10:18:09.045614+00:00
GPC,2026-08-20,131.55,133.070007,129.39999,132.92,1761400,2026-08-27 10:18:09.045614+00:00
GPC,2026-08-19,133.69,135.94,132.84,134.53999,870400,2026-08-27 10:18:09.045614+00:00
GPC,2026-08-18,133.78,134.63,131.85001,131.89,941500,2026-08-27 10:18:09.045614+00:00
GPC,2026-08-17,133.67999,134.50999,132.42,132.52,1119800,2026-08-27 10:18:09.045614+00:00
GPC,2026-08-14,134.82001,135.88,134.0,135.029999,688200,2026-08-27 10:18:09.045614+00:00
GPC,2026-08-13,135.31,135.63,133.39999,135.35001,898300,2026-08-27 10:18:09.045614+00:00
GPC,2026-08-12,133.87,135.14,131.72,134.0099945,1083800,2026-08-27 10:18:09.045614+00:00
GPC,2026-08-11,133.91,137.16,133.22,135.089996,1440400,2026-08-27 10:18:09.045614+00:00
GPC,2026-08-10,133.56,134.77,131.96001,134.53999,1597500,2026-08-27 10:18:09.045614+00:00
GPC,2026-08-07,133.36,135.69,132.85001,135.63,827400,2026-08-27 10:18:09.045614+00:00
GPC,2026-08-06,131.44,133.10001,131.14999,132.78999,1172300,2026-08-27 10:18:09.045614+00:00
GPC,2026-08-05,132.25,133.21001,131.10001,131.32001,884600,2026-08-27 10:18:09.045614+00:00
GPC,2026-08-04,127.69,132.86,127.34,132.55,1303800,2026-08-27 10:18:09.045614+00:00
GPC,2026-08-03,127.98,129.8,127.28,128.52,1126800,2026-08-27 10:18:09.045614+00:00
GPC,2026-07-31,123.33,125.77,123.33,124.37,1219300,2026-08-27 10:18:09.045614+00:00
GPC,2026-07-30,129.44,129.97,123.62,124.83,1154100,2026-08-27 10:18:09.045614+00:00
GPC,2026-07-29,128.77,131.14999,127.16,129.98,1505300,2026-08-27 10:18:09.045614+00:00
GPC,2026-07-28,129.99001,132.0,128.86,129.71001,1363100,2026-08-27 10:18:09.045614+00:00
GPC,2026-07-27,125.0,128.78999,124.25,127.7,1546200,2026-08-27 10:18:09.045614+00:00
GPC,2026-07-24,120.019997,124.37,120.019997,124.21,1224200,2026-08-27 10:18:09.045614+00:00
GPC,2026-07-23,121.13,121.46,118.37,120.050003,1522300,2026-08-27 10:18:09.045614+00:00
GPC,2026-07-22,120.87,125.0,119.71,120.37,2196700,2026-08-27 10:18:09.045614+00:00
GPC,2026-07-21,114.99,120.7,109.5,119.12,4150200,2026-08-27 10:18:09.045614+00:00
GPC,2026-07-20,124.83,125.0,121.48,122.4,2219500,2026-08-27 10:18:09.045614+00:00
GPC,2026-07-17,125.089996,127.78,123.78,124.82,1644100,2026-08-27 10:18:09.045614+00:00
GPC,2026-07-16,121.26,125.94,121.26,125.66,1721300,2026-08-27 10:18:09.045614+00:00
BBY,2026-08-26,85.4,88.04,84.475,87.42,118223,2026-08-27 10:18:09.045614+00:00
BBY,2026-08-25,86.53,87.83,84.74,85.29,4189465,2026-08-27 10:18:09.045614+00:00
BBY,2026-08-24,86.95,88.87,86.72,87.48,2768200,2026-08-27 10:18:09.045614+00:00
BBY,2026-08-21,86.5,88.0,85.87,85.89,2574300,2026-08-27 10:18:09.045614+00:00
BBY,2026-08-20,87.5,87.93,85.29,85.73,2743200,2026-08-27 10:18:09.045614+00:00
BBY,2026-08-19,87.61,90.26,87.61,89.21,3004200,2026-08-27 10:18:09.045614+00:00
BBY,2026-08-18,86.4,88.019997,85.99,87.27,4262700,2026-08-27 10:18:09.045614+00:00
BBY,2026-08-17,86.019997,87.55,85.13,85.44,2380500,2026-08-27 10:18:09.045614+00:00
BBY,2026-08-14,87.57,88.33,85.76,86.42,2920700,2026-08-27 10:18:09.045614+00:00
BBY,2026-08-13,83.91,85.78,83.52,85.35,3083900,2026-08-27 10:18:09.045614+00:00
BBY,2026-08-12,82.66,83.59,82.29,83.0,1910100,2026-08-27 10:18:09.045614+00:00
BBY,2026-08-11,84.14,85.58,83.12,83.28,2662100,2026-08-27 10:18:09.045614+00:00
BBY,2026-08-10,82.24,82.89,81.67,82.43,2573000,2026-08-27 10:18:09.045614+00:00
BBY,2026-08-07,79.63,82.17,79.0,82.0,3778700,2026-08-27 10:18:09.045614+00:00
BBY,2026-08-06,84.41,84.41,79.79,80.019997,6054600,2026-08-27 10:18:09.045614+00:00
BBY,2026-08-05,84.49,85.099998,83.75,84.5,2915000,2026-08-27 10:18:09.045614+00:00
BBY,2026-08-04,83.67,87.029999,83.080002,86.35,3810200,2026-08-27 10:18:09.045614+00:00
BBY,2026-08-03,85.49,86.56,82.82,85.25,3956000,2026-08-27 10:18:09.045614+00:00
BBY,2026-07-31,87.45,87.57,86.080002,86.26,3806500,2026-08-27 10:18:09.045614+00:00
BBY,2026-07-30,88.99,89.75,87.72,87.82,2868200,2026-08-27 10:18:09.045614+00:00
BBY,2026-07-29,89.0,91.27,88.25,90.17,3793100,2026-08-27 10:18:09.045614+00:00
BBY,2026-07-28,89.099998,90.72,88.84,89.47,2710900,2026-08-27 10:18:09.045614+00:00
BBY,2026-07-27,86.49,89.28,86.28,88.45,2821900,2026-08-27 10:18:09.045614+00:00
BBY,2026-07-24,83.85,86.029999,83.75,85.43,2087200,2026-08-27 10:18:09.045614+00:00
BBY,2026-07-23,87.019997,87.019997,83.45,84.43,3121400,2026-08-27 10:18:09.045614+00:00
BBY,2026-07-22,86.0,87.24,85.37,87.11,2416400,2026-08-27 10:18:09.045614+00:00
BBY,2026-07-21,84.62,85.24,83.080002,85.22,2943100,2026-08-27 10:18:09.045614+00:00
BBY,2026-07-20,85.71,85.85,84.12,85.13,2480600,2026-08-27 10:18:09.045614+00:00
BBY,2026-07-17,85.9,87.099998,84.51,85.41,3181800,2026-08-27 10:18:09.045614+00:00
BBY,2026-07-16,85.55,87.35,85.010002,85.29,3697700,2026-08-27 10:18:09.045614+00:00
LOW,2026-08-26,215.39,215.39,211.71,211.755,87679,2026-08-27 10:18:09.045614+00:00
LOW,2026-08-25,216.99001,217.625,213.27,214.60001,1942716,2026-08-27 10:18:09.045614+00:00
LOW,2026-08-24,217.33,219.82001,215.45,216.98,2552900,2026-08-27 10:18:09.045614+00:00
LOW,2026-08-21,218.72,218.72,215.13,216.089996,2928700,2026-08-27 10:18:09.045614+00:00
LOW,2026-08-20,215.96001,220.31,212.38,217.34,5891800,2026-08-27 10:18:09.045614+00:00
LOW,2026-08-19,217.0,225.78999,212.38,220.0,4957500,2026-08-27 10:18:09.045614+00:00
LOW,2026-08-18,219.25999,220.5,214.62,215.64,3128000,2026-08-27 10:18:09.045614+00:00
LOW,2026-08-17,215.75,216.35001,213.56,215.81,2955800,2026-08-27 10:18:09.045614+00:00
LOW,2026-08-14,218.52,218.7,215.84,218.47,1737000,2026-08-27 10:18:09.045614+00:00
LOW,2026-08-13,218.28999,218.66,215.36,218.22,2754800,2026-08-27 10:18:09.045614+00:00
LOW,2026-08-12,219.55,220.91,214.2,215.97,2136700,2026-08-27 10:18:09.045614+00:00
LOW,2026-08-11,219.0,223.91,218.94,221.25,2138600,2026-08-27 10:18:09.045614+00:00
LOW,2026-08-10,220.25,221.23,217.0,218.88,2116900,2026-08-27 10:18:09.045614+00:00
LOW,2026-08-07,218.82001,223.58,218.32001,223.35001,2360400,2026-08-27 10:18:09.045614+00:00
LOW,2026-08-06,220.0,220.059998,216.25999,218.39999,2137900,2026-08-27 10:18:09.045614+00:00
LOW,2026-08-05,218.039993,220.13,217.080002,219.94,2360000,2026-08-27 10:18:09.045614+00:00
LOW,2026-08-04,211.75,218.78999,211.029999,218.080002,2852500,2026-08-27 10:18:09.045614+00:00
LOW,2026-08-03,212.0,214.89999,207.66,212.059998,2270800,2026-08-27 10:18:09.045614+00:00
LOW,2026-07-31,207.75,210.089996,206.020004,207.81,3977000,2026-08-27 10:18:09.045614+00:00
LOW,2026-07-30,214.35001,214.88,208.53,210.080002,2755900,2026-08-27 10:18:09.045614+00:00
LOW,2026-07-29,215.95,220.28999,213.74001,215.67999,2419100,2026-08-27 10:18:09.045614+00:00
LOW,2026-07-28,216.16,220.14999,215.72,218.24001,3969100,2026-08-27 10:18:09.045614+00:00
LOW,2026-07-27,211.3,213.14,209.31,211.55,2982000,2026-08-27 10:18:09.045614+00:00
LOW,2026-07-24,202.60001,207.83,201.96001,207.64,3427800,2026-08-27 10:18:09.045614+00:00
LOW,2026-07-23,201.75,203.0,199.39999,201.92,4132200,2026-08-27 10:18:09.045614+00:00
LOW,2026-07-22,203.5,205.070007,202.21001,204.35001,3248100,2026-08-27 10:18:09.045614+00:00
LOW,2026-07-21,203.92,204.99001,201.88,203.50999,3390000,2026-08-27 10:18:09.045614+00:00
LOW,2026-07-20,209.56,210.0,203.62,204.71001,3266000,2026-08-27 10:18:09.045614+00:00
LOW,2026-07-17,217.95,220.49001,208.42,208.73,3475900,2026-08-27 10:18:09.045614+00:00
LOW,2026-07-16,209.60001,216.23,209.60001,216.16,4230600,2026-08-27 10:18:09.045614+00:00
HSY,2026-08-26,187.005,187.57,185.87,185.935,21600,2026-08-27 10:18:09.045614+00:00
HSY,2026-08-25,188.13,188.91,186.0099945,187.17999,932233,2026-08-27 10:18:09.045614+00:00
HSY,2026-08-24,187.98,190.25,187.0,189.94,1072100,2026-08-27 10:18:09.045614+00:00
HSY,2026-08-21,187.62,188.73,185.46001,186.46001,927400,2026-08-27 10:18:09.045614+00:00
HSY,2026-08-20,187.0,190.46001,186.78999,188.31,1110700,2026-08-27 10:18:09.045614+00:00
HSY,2026-08-19,184.64999,189.83,184.53999,188.78999,1347600,2026-08-27 10:18:09.045614+00:00
HSY,2026-08-18,183.0099945,184.14999,181.17999,183.45,960100,2026-08-27 10:18:09.045614+00:00
HSY,2026-08-17,182.39999,184.12,180.16,181.059998,1064500,2026-08-27 10:18:09.045614+00:00
HSY,2026-08-14,184.92999,185.95,183.56,184.22,933200,2026-08-27 10:18:09.045614+00:00
HSY,2026-08-13,185.089996,186.69,184.94,186.12,1076200,2026-08-27 10:18:09.045614+00:00
HSY,2026-08-12,180.57001,184.46001,179.2,184.23,965200,2026-08-27 10:18:09.045614+00:00
HSY,2026-08-11,181.0,183.32001,180.72,181.98,1592500,2026-08-27 10:18:09.045614+00:00
HSY,2026-08-10,181.070007,182.88,180.21001,182.75,1375200,2026-08-27 10:18:09.045614+00:00
HSY,2026-08-07,182.21001,184.089996,181.5,182.35001,1039900,2026-08-27 10:18:09.045614+00:00
HSY,2026-08-06,180.78,183.080002,179.38,183.020004,1349500,2026-08-27 10:18:09.045614+00:00
HSY,2026-08-05,180.0,180.080002,177.81,179.58,1256100,2026-08-27 10:18:09.045614+00:00
HSY,2026-08-04,177.3,179.17,173.59,179.039993,1688900,2026-08-27 10:18:09.045614+00:00
HSY,2026-08-03,177.059998,180.62,175.88,177.67,1555100,2026-08-27 10:18:09.045614+00:00
HSY,2026-07-31,176.19,177.37,173.91,175.050003,2173900,2026-08-27 10:18:09.045614+00:00
HSY,2026-07-30,182.25,183.88,177.0099945,177.23,1978900,2026-08-27 10:18:09.045614+00:00
HSY,2026-07-29,183.25,188.37,182.60001,183.91,2476600,2026-08-27 10:18:09.045614+00:00
HSY,2026-07-28,183.2,185.89999,180.86,183.39,1970600,2026-08-27 10:18:09.045614+00:00
HSY,2026-07-27,175.28,180.58,175.28,180.19,2003000,2026-08-27 10:18:09.045614+00:00
HSY,2026-07-24,172.99001,175.56,172.12,174.3,1954800,2026-08-27 10:18:09.045614+00:00
HSY,2026-07-23,170.0,172.46001,169.25,172.14,2113100,2026-08-27 10:18:09.045614+00:00
HSY,2026-07-22,171.14999,172.75,170.59,172.33,1064000,2026-08-27 10:18:09.045614+00:00
HSY,2026-07-21,169.53999,172.13,169.5,170.63,1186300,2026-08-27 10:18:09.045614+00:00
HSY,2026-07-20,170.0,172.83,168.75,171.7,2040000,2026-08-27 10:18:09.045614+00:00
HSY,2026-07-17,176.89,177.66,170.89,171.42,1097400,2026-08-27 10:18:09.045614+00:00
HSY,2026-07-16,171.35001,176.52,170.98,174.72,1375900,2026-08-27 10:18:09.045614+00:00
KMB,2026-08-26,111.5,111.66,110.26,110.505,56629,2026-08-27 10:18:09.045614+00:00
KMB,2026-08-25,110.65,111.22,109.83,111.019997,2805359,2026-08-27 10:18:09.045614+00:00
KMB,2026-08-24,109.9,112.38,109.87,111.37,2684900,2026-08-27 10:18:09.045614+00:00
KMB,2026-08-21,108.88,109.88,108.07,109.31,2102600,2026-08-27 10:18:09.045614+00:00
KMB,2026-08-20,109.39,110.0,108.089996,108.69,2431400,2026-08-27 10:18:09.045614+00:00
KMB,2026-08-19,108.86,110.099998,108.33,109.88,3669100,2026-08-27 10:18:09.045614+00:00
KMB,2026-08-18,108.83,109.79,107.66,107.72,2392100,2026-08-27 10:18:09.045614+00:00
KMB,2026-08-17,109.27,109.35,107.39,107.91,2958400,2026-08-27 10:18:09.045614+00:00
KMB,2026-08-14,110.89,111.2,110.23,110.39,1739000,2026-08-27 10:18:09.045614+00:00
KMB,2026-08-13,109.86,111.059998,109.45,110.7,1865100,2026-08-27 10:18:09.045614+00:00
KMB,2026-08-12,107.6,109.55,107.4,108.93,2266900,2026-08-27 10:18:09.045614+00:00
KMB,2026-08-11,107.42,108.71,107.28,108.57,2066500,2026-08-27 10:18:09.045614+00:00
KMB,2026-08-10,108.37,109.099998,107.29,108.019997,3136400,2026-08-27 10:18:09.045614+00:00
KMB,2026-08-07,108.49,109.83,107.14,109.68,2705200,2026-08-27 10:18:09.045614+00:00
KMB,2026-08-06,112.59,112.7,108.099998,108.66,3895500,2026-08-27 10:18:09.045614+00:00
KMB,2026-08-05,111.16,112.44,108.43,112.37,4580600,2026-08-27 10:18:09.045614+00:00
KMB,2026-08-04,109.19,112.12,105.77,111.57,8623300,2026-08-27 10:18:09.045614+00:00
KMB,2026-08-03,110.95,112.7,106.11,107.56,7490000,2026-08-27 10:18:09.045614+00:00
KMB,2026-07-31,108.94,110.26,107.73,109.31,4521500,2026-08-27 10:18:09.045614+00:00
KMB,2026-07-30,111.63,111.63,108.8,110.19,2882900,2026-08-27 10:18:09.045614+00:00
KMB,2026-07-29,110.9,113.33,110.059998,113.21,3139500,2026-08-27 10:18:09.045614+00:00
KMB,2026-07-28,113.48,115.47,113.0,113.089996,3917300,2026-08-27 10:18:09.045614+00:00
KMB,2026-07-27,110.81,112.34,110.7,111.44,2595300,2026-08-27 10:18:09.045614+00:00
KMB,2026-07-24,107.77,109.79,107.059998,109.7,2602200,2026-08-27 10:18:09.045614+00:00
KMB,2026-07-23,107.23,107.83,106.52,107.31,2763100,2026-08-27 10:18:09.045614+00:00
KMB,2026-07-22,109.0,109.6,108.48,108.88,2291700,2026-08-27 10:18:09.045614+00:00
KMB,2026-07-21,108.17,108.43,106.97,108.050003,2319700,2026-08-27 10:18:09.045614+00:00
KMB,2026-07-20,108.0,108.79,107.63,108.48,2513900,2026-08-27 10:18:09.045614+00:00
KMB,2026-07-17,110.26,111.18,107.74,108.35,3436700,2026-08-27 10:18:09.045614+00:00
KMB,2026-07-16,106.73,109.38,106.73,108.99,3333500,2026-08-27 10:18:09.045614+00:00
PM,2026-08-26,194.8,196.595,193.66,194.5,115788,2026-08-27 10:18:09.045614+00:00
PM,2026-08-25,190.87,194.175,189.66,193.92,2704695,2026-08-27 10:18:09.045614+00:00
PM,2026-08-24,190.24001,193.47,189.17,191.46001,4682800,2026-08-27 10:18:09.045614+00:00
PM,2026-08-21,190.97,191.089996,187.99001,188.23,4091200,2026-08-27 10:18:09.045614+00:00
PM,2026-08-20,188.83,194.25999,188.83,191.52,5370600,2026-08-27 10:18:09.045614+00:00
PM,2026-08-19,188.71001,190.5,186.81,189.92999,4801100,2026-08-27 10:18:09.045614+00:00
PM,2026-08-18,187.029999,188.87,186.0099945,187.62,7108200,2026-08-27 10:18:09.045614+00:00
PM,2026-08-17,188.57001,189.35001,184.28,184.52,5803600,2026-08-27 10:18:09.045614+00:00
PM,2026-08-14,188.95,191.10001,187.63,190.39,4579000,2026-08-27 10:18:09.045614+00:00
PM,2026-08-13,187.92999,191.44,187.2,188.91,3353900,2026-08-27 10:18:09.045614+00:00
PM,2026-08-12,184.28,187.0,184.020004,186.19,3541200,2026-08-27 10:18:09.045614+00:00
PM,2026-08-11,185.11,187.3,184.71001,186.22,3468800,2026-08-27 10:18:09.045614+00:00
PM,2026-08-10,188.0,188.60001,185.0099945,186.0,3147800,2026-08-27 10:18:09.045614+00:00
PM,2026-08-07,187.28,190.17,186.50999,189.57001,4718400,2026-08-27 10:18:09.045614+00:00
PM,2026-08-06,191.14999,191.53999,186.66,188.050003,5635300,2026-08-27 10:18:09.045614+00:00
PM,2026-08-05,188.31,190.36,185.5,188.92999,5540500,2026-08-27 10:18:09.045614+00:00
PM,2026-08-04,186.0,187.46001,184.36,186.91,5387400,2026-08-27 10:18:09.045614+00:00
PM,2026-08-03,192.39999,192.67999,187.34,187.41,3986100,2026-08-27 10:18:09.045614+00:00
PM,2026-07-31,190.080002,193.46001,188.95,190.82001,5446000,2026-08-27 10:18:09.045614+00:00
PM,2026-07-30,193.2,195.92,191.67,192.0,6799500,2026-08-27 10:18:09.045614+00:00
PM,2026-07-29,201.0,202.57001,198.19,198.44,3917800,2026-08-27 10:18:09.045614+00:00
PM,2026-07-28,198.75999,207.75999,198.67999,200.17,8064900,2026-08-27 10:18:09.045614+00:00
PM,2026-07-27,193.0,196.78999,192.55,195.66,3699000,2026-08-27 10:18:09.045614+00:00
PM,2026-07-24,192.59,195.63,191.78,193.0,4438800,2026-08-27 10:18:09.045614+00:00
PM,2026-07-23,191.95,194.72,189.050003,191.12,6450100,2026-08-27 10:18:09.045614+00:00
PM,2026-07-22,192.029999,199.78,189.38,194.3,7799100,2026-08-27 10:18:09.045614+00:00
PM,2026-07-21,191.8,193.0,187.31,188.039993,6511100,2026-08-27 10:18:09.045614+00:00
PM,2026-07-20,192.8,194.89999,191.16,192.72,4754600,2026-08-27 10:18:09.045614+00:00
PM,2026-07-17,191.99001,194.62,190.60001,192.98,5202800,2026-08-27 10:18:09.045614+00:00
PM,2026-07-16,182.47,190.0,181.66,189.84,5852900,2026-08-27 10:18:09.045614+00:00
PEP,2026-08-26,142.69,142.69,141.24,142.2,97979,2026-08-27 10:18:09.045614+00:00
PEP,2026-08-25,143.57201,143.87,142.080002,142.27,9718105,2026-08-27 10:18:09.045614+00:00
PEP,2026-08-24,144.91,145.89999,144.38,144.67,5997000,2026-08-27 10:18:09.045614+00:00
PEP,2026-08-21,142.67,143.56,141.64,143.48,6627600,2026-08-27 10:18:09.045614+00:00
PEP,2026-08-20,141.74001,143.37,141.11,142.080002,5350000,2026-08-27 10:18:09.045614+00:00
PEP,2026-08-19,140.87,143.63,140.63,142.58,6954200,2026-08-27 10:18:09.045614+00:00
PEP,2026-08-18,140.36,140.8,139.050003,140.13,6224700,2026-08-27 10:18:09.045614+00:00
PEP,2026-08-17,139.71001,139.89,137.66,138.24001,6856200,2026-08-27 10:18:09.045614+00:00
PEP,2026-08-14,140.62,141.27,140.12,140.78999,3867000,2026-08-27 10:18:09.045614+00:00
PEP,2026-08-13,139.41,140.83,139.33,140.62,6246700,2026-08-27 10:18:09.045614+00:00
PEP,2026-08-12,137.52,138.75,136.73,138.7,5472700,2026-08-27 10:18:09.045614+00:00
PEP,2026-08-11,137.0099945,138.50999,136.89999,138.41,5823900,2026-08-27 10:18:09.045614+00:00
PEP,2026-08-10,138.52,138.52,137.17999,137.73,5883800,2026-08-27 10:18:09.045614+00:00
PEP,2026-08-07,137.53999,139.49001,137.14999,139.020004,4734000,2026-08-27 10:18:09.045614+00:00
PEP,2026-08-06,140.089996,140.52,137.14,138.44,8510300,2026-08-27 10:18:09.045614+00:00
PEP,2026-08-05,140.23,140.27,137.92,138.78,6257600,2026-08-27 10:18:09.045614+00:00
PEP,2026-08-04,137.77,139.21001,137.13,139.10001,8525200,2026-08-27 10:18:09.045614+00:00
PEP,2026-08-03,141.080002,141.55,138.71001,139.63,6645300,2026-08-27 10:18:09.045614+00:00
PEP,2026-07-31,139.53,140.16,138.38,139.56,9699400,2026-08-27 10:18:09.045614+00:00
PEP,2026-07-30,141.10001,142.52,139.42,140.2,8253100,2026-08-27 10:18:09.045614+00:00
PEP,2026-07-29,143.28,145.23,142.58,143.5,8390800,2026-08-27 10:18:09.045614+00:00
PEP,2026-07-28,143.21001,145.42999,141.78999,142.86,10648800,2026-08-27 10:18:09.045614+00:00
PEP,2026-07-27,137.070007,140.31,137.0099945,139.78999,7237900,2026-08-27 10:18:09.045614+00:00
PEP,2026-07-24,135.53,137.13,134.57001,136.64,7968300,2026-08-27 10:18:09.045614+00:00
PEP,2026-07-23,134.7,135.34,133.73,134.95,7755700,2026-08-27 10:18:09.045614+00:00
PEP,2026-07-22,136.36,136.36,134.72,135.64999,6198700,2026-08-27 10:18:09.045614+00:00
PEP,2026-07-21,134.89999,135.38,134.27,135.0,7989500,2026-08-27 10:18:09.045614+00:00
PEP,2026-07-20,137.57001,137.59,133.95,135.46001,8758700,2026-08-27 10:18:09.045614+00:00
PEP,2026-07-17,140.89,141.96001,136.17999,137.12,8579300,2026-08-27 10:18:09.045614+00:00
PEP,2026-07-16,137.039993,139.62,136.5,139.42999,7805600,2026-08-27 10:18:09.045614+00:00
CL,2026-08-26,91.565,92.3,91.34,91.94,80588,2026-08-27 10:18:09.045614+00:00
CL,2026-08-25,92.089996,92.425,91.195,91.33,2575339,2026-08-27 10:18:09.045614+00:00
CL,2026-08-24,91.58,92.55,91.55,92.55,4649500,2026-08-27 10:18:09.045614+00:00
CL,2026-08-21,89.87,91.31,89.16,91.080002,3667300,2026-08-27 10:18:09.045614+00:00
CL,2026-08-20,90.5,91.26,89.54,89.7,5082500,2026-08-27 10:18:09.045614+00:00
CL,2026-08-19,92.089996,92.92,90.73,90.87,4099400,2026-08-27 10:18:09.045614+00:00
CL,2026-08-18,91.19,92.0,90.66,91.46,5230100,2026-08-27 10:18:09.045614+00:00
CL,2026-08-17,91.050003,91.18,89.47,90.21,3969700,2026-08-27 10:18:09.045614+00:00
CL,2026-08-14,92.71,93.28,91.73,91.95,3179700,2026-08-27 10:18:09.045614+00:00
CL,2026-08-13,93.15,93.88,92.42,92.93,2549100,2026-08-27 10:18:09.045614+00:00
CL,2026-08-12,91.32,93.059998,91.3,92.32,3416900,2026-08-27 10:18:09.045614+00:00
CL,2026-08-11,92.68,93.42,92.059998,92.31,3067900,2026-08-27 10:18:09.045614+00:00
CL,2026-08-10,92.5,93.43,92.21,93.15,3850400,2026-08-27 10:18:09.045614+00:00
CL,2026-08-07,92.18,93.56,91.7,93.27,3738700,2026-08-27 10:18:09.045614+00:00
CL,2026-08-06,94.050003,94.15,92.15,93.0,4686400,2026-08-27 10:18:09.045614+00:00
CL,2026-08-05,91.94,93.57,91.23,93.28,6374900,2026-08-27 10:18:09.045614+00:00
CL,2026-08-04,89.17,92.74,89.17,92.53,6831300,2026-08-27 10:18:09.045614+00:00
CL,2026-08-03,92.39,93.64,89.36,89.88,5731800,2026-08-27 10:18:09.045614+00:00
CL,2026-07-31,90.85,91.68,89.6,91.3,6661500,2026-08-27 10:18:09.045614+00:00
CL,2026-07-30,92.62,92.89,90.73,91.6,4678800,2026-08-27 10:18:09.045614+00:00
CL,2026-07-29,90.94,93.82,89.91,93.49,5866300,2026-08-27 10:18:09.045614+00:00
CL,2026-07-28,94.11,95.46,92.7,92.73,5089700,2026-08-27 10:18:09.045614+00:00
CL,2026-07-27,91.25,92.81,90.84,91.98,3772100,2026-08-27 10:18:09.045614+00:00
CL,2026-07-24,90.0,91.11,89.88,90.75,3192300,2026-08-27 10:18:09.045614+00:00
CL,2026-07-23,89.99,90.39,89.25,90.080002,5166400,2026-08-27 10:18:09.045614+00:00
CL,2026-07-22,91.35,92.25,90.99,91.63,4443500,2026-08-27 10:18:09.045614+00:00
CL,2026-07-21,91.099998,91.63,89.75,90.5,3772200,2026-08-27 10:18:09.045614+00:00
CL,2026-07-20,92.089996,92.23,91.2,91.93,5180600,2026-08-27 10:18:09.045614+00:00
CL,2026-07-17,94.68,95.93,92.59,92.98,4185700,2026-08-27 10:18:09.045614+00:00
CL,2026-07-16,92.74,94.3,92.4,94.07,3517400,2026-08-27 10:18:09.045614+00:00
MDLZ,2026-08-26,63.02,63.48,62.82,63.065,226939,2026-08-27 10:18:09.045614+00:00
MDLZ,2026-08-25,64.375,64.375,62.91,62.99,8684493,2026-08-27 10:18:09.045614+00:00
MDLZ,2026-08-24,64.73,65.55,64.29,64.7,7048900,2026-08-27 10:18:09.045614+00:00
MDLZ,2026-08-21,64.24,64.74,63.95,64.45,5800000,2026-08-27 10:18:09.045614+00:00
MDLZ,2026-08-20,63.81,64.77,63.63,64.14,5996900,2026-08-27 10:18:09.045614+00:00
MDLZ,2026-08-19,62.85,64.3,62.82,64.16,6816300,2026-08-27 10:18:09.045614+00:00
MDLZ,2026-08-18,63.16,63.32,62.6,62.66,6811800,2026-08-27 10:18:09.045614+00:00
MDLZ,2026-08-17,62.96,63.31,62.07,62.18,6586700,2026-08-27 10:18:09.045614+00:00
MDLZ,2026-08-14,63.43,63.78,63.3,63.61,4075600,2026-08-27 10:18:09.045614+00:00
MDLZ,2026-08-13,62.71,63.56,62.57,63.53,4945300,2026-08-27 10:18:09.045614+00:00
MDLZ,2026-08-12,61.2,62.26,60.93,62.18,7181600,2026-08-27 10:18:09.045614+00:00
MDLZ,2026-08-11,61.060001,61.84,60.85,61.78,7700600,2026-08-27 10:18:09.045614+00:00
MDLZ,2026-08-10,62.2,62.24,61.11,61.53,6382100,2026-08-27 10:18:09.045614+00:00
MDLZ,2026-08-07,62.42,63.080002,61.94,62.61,5293600,2026-08-27 10:18:09.045614+00:00
MDLZ,2026-08-06,63.26,63.87,62.4,62.75,5382200,2026-08-27 10:18:09.045614+00:00
MDLZ,2026-08-05,62.65,62.84,61.37,62.6,9480200,2026-08-27 10:18:09.045614+00:00
MDLZ,2026-08-04,61.34,62.2,60.65,62.080002,12200800,2026-08-27 10:18:09.045614+00:00
MDLZ,2026-08-03,63.35,63.62,61.34,61.73,9585200,2026-08-27 10:18:09.045614+00:00
MDLZ,2026-07-31,62.45,63.16,61.97,62.31,8129700,2026-08-27 10:18:09.045614+00:00
MDLZ,2026-07-30,63.86,63.92,62.48,63.080002,12879700,2026-08-27 10:18:09.045614+00:00
MDLZ,2026-07-29,63.79,66.65,63.79,64.99,20218600,2026-08-27 10:18:09.045614+00:00
MDLZ,2026-07-28,62.040001,63.54,61.95,62.48,14511100,2026-08-27 10:18:09.045614+00:00
MDLZ,2026-07-27,60.55,61.18,60.07,60.67,10077700,2026-08-27 10:18:09.045614+00:00
MDLZ,2026-07-24,60.040001,60.68,59.85,60.52,8493600,2026-08-27 10:18:09.045614+00:00
MDLZ,2026-07-23,60.16,60.5,59.57,60.049999,10221200,2026-08-27 10:18:09.045614+00:00
MDLZ,2026-07-22,60.64,60.98,60.0099983,60.86,6175500,2026-08-27 10:18:09.045614+00:00
MDLZ,2026-07-21,59.75,60.14,59.099998,59.86,7796200,2026-08-27 10:18:09.045614+00:00
MDLZ,2026-07-20,60.67,60.9,59.69,60.27,7888400,2026-08-27 10:18:09.045614+00:00
MDLZ,2026-07-17,62.18,63.040001,60.65,61.0,10296200,2026-08-27 10:18:09.045614+00:00
MDLZ,2026-07-16,59.37,61.48,59.23,61.42,13166900,2026-08-27 10:18:09.045614+00:00
KR,2026-08-26,58.45,58.855,58.28,58.56,221840,2026-08-27 10:18:09.045614+00:00
KR,2026-08-25,58.22,58.66,57.93,58.45,4951756,2026-08-27 10:18:09.045614+00:00
KR,2026-08-24,58.24,59.2,58.16,59.080002,4675400,2026-08-27 10:18:09.045614+00:00
KR,2026-08-21,56.49,57.96,56.48,57.9,5882200,2026-08-27 10:18:09.045614+00:00
KR,2026-08-20,55.4,56.67,55.049999,56.32,9700800,2026-08-27 10:18:09.045614+00:00
KR,2026-08-19,56.2,57.69,56.049999,56.27,6296400,2026-08-27 10:18:09.045614+00:00
KR,2026-08-18,57.38,57.38,56.31,56.34,6102500,2026-08-27 10:18:09.045614+00:00
KR,2026-08-17,56.2,56.32,55.66,56.07,5714100,2026-08-27 10:18:09.045614+00:00
KR,2026-08-14,56.94,57.3,56.63,56.69,3700200,2026-08-27 10:18:09.045614+00:00
KR,2026-08-13,56.52,57.55,56.43,57.23,5221900,2026-08-27 10:18:09.045614+00:00
KR,2026-08-12,55.28,56.38,55.14,56.060001,5472200,2026-08-27 10:18:09.045614+00:00
KR,2026-08-11,56.14,56.99,55.81,56.25,6349600,2026-08-27 10:18:09.045614+00:00
KR,2026-08-10,57.040001,57.040001,56.24,56.48,5903500,2026-08-27 10:18:09.045614+00:00
KR,2026-08-07,56.7,56.91,56.19,56.73,7375100,2026-08-27 10:18:09.045614+00:00
KR,2026-08-06,57.48,57.7,56.13,57.32,5778700,2026-08-27 10:18:09.045614+00:00
KR,2026-08-05,58.12,58.29,56.4,56.68,6003200,2026-08-27 10:18:09.045614+00:00
KR,2026-08-04,57.4,58.13,56.98,57.79,6726400,2026-08-27 10:18:09.045614+00:00
KR,2026-08-03,58.11,58.8,57.85,58.22,6789400,2026-08-27 10:18:09.045614+00:00
KR,2026-07-31,57.35,58.2,56.91,57.74,5917300,2026-08-27 10:18:09.045614+00:00
KR,2026-07-30,58.91,59.57,57.33,57.86,6709300,2026-08-27 10:18:09.045614+00:00
KR,2026-07-29,59.64,60.5,59.46,59.87,6943400,2026-08-27 10:18:09.045614+00:00
KR,2026-07-28,59.0,60.72,58.7,59.19,6758300,2026-08-27 10:18:09.045614+00:00
KR,2026-07-27,56.8,58.57,56.8,57.98,5742700,2026-08-27 10:18:09.045614+00:00
KR,2026-07-24,55.62,56.97,55.62,56.87,5804900,2026-08-27 10:18:09.045614+00:00
KR,2026-07-23,55.6,56.080002,54.83,55.76,10682700,2026-08-27 10:18:09.045614+00:00
KR,2026-07-22,58.79,58.91,57.21,57.54,4859800,2026-08-27 10:18:09.045614+00:00
KR,2026-07-21,58.080002,58.13,57.09,57.78,5569600,2026-08-27 10:18:09.045614+00:00
KR,2026-07-20,58.55,58.62,57.88,58.36,3974400,2026-08-27 10:18:09.045614+00:00
KR,2026-07-17,59.71,60.34,58.43,58.82,6269300,2026-08-27 10:18:09.045614+00:00
KR,2026-07-16,57.21,58.8,56.67,58.61,7061800,2026-08-27 10:18:09.045614+00:00
DLTR,2026-08-26,133.67,133.67,131.75,132.53,94228,2026-08-27 10:18:09.045614+00:00
DLTR,2026-08-25,136.0,136.16499,132.28,134.48,2623971,2026-08-27 10:18:09.045614+00:00
DLTR,2026-08-24,131.57001,137.070007,131.57001,136.75,2428300,2026-08-27 10:18:09.045614+00:00
DLTR,2026-08-21,130.0,131.64,129.28999,131.48,1880700,2026-08-27 10:18:09.045614+00:00
DLTR,2026-08-20,128.19,131.35001,126.43,128.45,2813200,2026-08-27 10:18:09.045614+00:00
DLTR,2026-08-19,132.61,134.88,131.48,131.84,1894500,2026-08-27 10:18:09.045614+00:00
DLTR,2026-08-18,131.84,133.45,129.0,130.48,2127500,2026-08-27 10:18:09.045614+00:00
DLTR,2026-08-17,130.71001,130.95,128.050003,129.53999,1868700,2026-08-27 10:18:09.045614+00:00
DLTR,2026-08-14,129.99001,131.21001,129.28999,129.39,1653400,2026-08-27 10:18:09.045614+00:00
DLTR,2026-08-13,129.89999,131.86,128.67,129.53,1598600,2026-08-27 10:18:09.045614+00:00
DLTR,2026-08-12,127.96,129.72,127.18,128.61,1759400,2026-08-27 10:18:09.045614+00:00
DLTR,2026-08-11,128.59,129.64,127.089996,128.059998,1742400,2026-08-27 10:18:09.045614+00:00
DLTR,2026-08-10,129.14,131.69,128.25,129.37,2291200,2026-08-27 10:18:09.045614+00:00
DLTR,2026-08-07,127.96,131.75,127.96,130.89999,1630600,2026-08-27 10:18:09.045614+00:00
DLTR,2026-08-06,129.89999,129.94,128.32001,129.67999,1272400,2026-08-27 10:18:09.045614+00:00
DLTR,2026-08-05,132.10001,132.10001,128.24001,128.75999,1478700,2026-08-27 10:18:09.045614+00:00
DLTR,2026-08-04,128.24001,131.57001,126.62,130.71001,2763200,2026-08-27 10:18:09.045614+00:00
DLTR,2026-08-03,129.49001,131.69,128.8,129.35001,2181100,2026-08-27 10:18:09.045614+00:00
DLTR,2026-07-31,128.11,128.5,126.56,127.21,1537000,2026-08-27 10:18:09.045614+00:00
DLTR,2026-07-30,127.76,129.0,126.91,128.57001,1136900,2026-08-27 10:18:09.045614+00:00
DLTR,2026-07-29,126.37,130.74001,125.88,128.95,1997600,2026-08-27 10:18:09.045614+00:00
DLTR,2026-07-28,127.19,128.96001,126.37,126.76,2170500,2026-08-27 10:18:09.045614+00:00
DLTR,2026-07-27,121.89,125.94,121.89,125.54,2709700,2026-08-27 10:18:09.045614+00:00
DLTR,2026-07-24,118.27,121.15,117.78,120.45,2667100,2026-08-27 10:18:09.045614+00:00
DLTR,2026-07-23,120.010002,120.67,116.81,117.65,3656100,2026-08-27 10:18:09.045614+00:00
DLTR,2026-07-22,125.53,126.73,121.71,122.15,2697700,2026-08-27 10:18:09.045614+00:00
DLTR,2026-07-21,126.0,127.62,125.2,125.74,2190200,2026-08-27 10:18:09.045614+00:00
DLTR,2026-07-20,126.98,127.33,123.5,126.38,2833100,2026-08-27 10:18:09.045614+00:00
DLTR,2026-07-17,128.99001,133.25999,125.58,125.94,2451000,2026-08-27 10:18:09.045614+00:00
DLTR,2026-07-16,127.14,130.83,126.0,128.45,5918000,2026-08-27 10:18:09.045614+00:00
TSN,2026-08-26,57.1,57.12,56.59,57.0,31583,2026-08-27 10:18:09.045614+00:00
TSN,2026-08-25,57.68,57.68,57.0099983,57.17,2011528,2026-08-27 10:18:09.045614+00:00
TSN,2026-08-24,58.94,59.15,57.8,57.87,2313400,2026-08-27 10:18:09.045614+00:00
TSN,2026-08-21,58.37,58.51,57.26,58.48,4748700,2026-08-27 10:18:09.045614+00:00
TSN,2026-08-20,58.37,59.07,57.92,58.4,2002900,2026-08-27 10:18:09.045614+00:00
TSN,2026-08-19,58.57,59.85,58.47,58.55,2873300,2026-08-27 10:18:09.045614+00:00
TSN,2026-08-18,58.83,58.95,57.6,57.99,3480200,2026-08-27 10:18:09.045614+00:00
TSN,2026-08-17,57.67,58.66,57.28,58.61,3287300,2026-08-27 10:18:09.045614+00:00
TSN,2026-08-14,57.75,58.98,57.68,58.17,3630600,2026-08-27 10:18:09.045614+00:00
TSN,2026-08-13,56.4,56.99,56.22,56.39,2092500,2026-08-27 10:18:09.045614+00:00
TSN,2026-08-12,56.099998,56.6,55.65,55.81,2151800,2026-08-27 10:18:09.045614+00:00
TSN,2026-08-11,56.82,56.91,55.88,56.43,2590300,2026-08-27 10:18:09.045614+00:00
TSN,2026-08-10,57.81,58.28,57.099998,57.16,2473700,2026-08-27 10:18:09.045614+00:00
TSN,2026-08-07,58.67,58.77,57.86,58.040001,2569700,2026-08-27 10:18:09.045614+00:00
TSN,2026-08-06,58.65,58.84,57.69,58.54,2573500,2026-08-27 10:18:09.045614+00:00
TSN,2026-08-05,59.0,59.040001,58.09,58.19,2883600,2026-08-27 10:18:09.045614+00:00
TSN,2026-08-04,59.55,59.75,57.97,58.74,4629700,2026-08-27 10:18:09.045614+00:00
TSN,2026-08-03,55.89,59.91,54.53,59.61,5809000,2026-08-27 10:18:09.045614+00:00
TSN,2026-07-31,59.91,60.64,57.67,57.96,5255500,2026-08-27 10:18:09.045614+00:00
TSN,2026-07-30,60.54,60.91,60.080002,60.65,2426900,2026-08-27 10:18:09.045614+00:00
TSN,2026-07-29,60.82,61.54,60.74,61.040001,2996300,2026-08-27 10:18:09.045614+00:00
TSN,2026-07-28,61.6,63.029999,61.0,61.18,4484600,2026-08-27 10:18:09.045614+00:00
TSN,2026-07-27,60.27,61.75,59.59,60.71,5385100,2026-08-27 10:18:09.045614+00:00
TSN,2026-07-24,57.02,57.51,56.66,57.45,2128700,2026-08-27 10:18:09.045614+00:00
TSN,2026-07-23,56.49,56.78,56.19,56.75,2655200,2026-08-27 10:18:09.045614+00:00
TSN,2026-07-22,57.51,57.7,56.97,57.060001,1753100,2026-08-27 10:18:09.045614+00:00
TSN,2026-07-21,57.71,58.14,56.96,57.049999,2258600,2026-08-27 10:18:09.045614+00:00
TSN,2026-07-20,57.58,58.28,57.51,58.0,2515600,2026-08-27 10:18:09.045614+00:00
TSN,2026-07-17,58.41,59.18,57.22,57.77,2918100,2026-08-27 10:18:09.045614+00:00
TSN,2026-07-16,57.88,58.63,57.74,57.83,3266200,2026-08-27 10:18:09.045614+00:00
STZ,2026-08-26,135.0,135.63,134.155,135.26,24734,2026-08-27 10:18:09.045614+00:00
STZ,2026-08-25,136.089996,136.88,134.33,135.0099945,925194,2026-08-27 10:18:09.045614+00:00
STZ,2026-08-24,136.28,138.89999,136.19,137.60001,1944000,2026-08-27 10:18:09.045614+00:00
STZ,2026-08-21,134.28999,135.72,133.53999,135.66,1903400,2026-08-27 10:18:09.045614+00:00
STZ,2026-08-20,132.42999,134.84,131.21001,134.14,1499300,2026-08-27 10:18:09.045614+00:00
STZ,2026-08-19,131.0,133.95,130.78999,133.52,1497200,2026-08-27 10:18:09.045614+00:00
STZ,2026-08-18,131.59,132.14999,129.44,131.0,1642000,2026-08-27 10:18:09.045614+00:00
STZ,2026-08-17,137.22,137.22,129.77,130.56,2680400,2026-08-27 10:18:09.045614+00:00
STZ,2026-08-14,136.42999,139.25999,135.3,139.17999,1432300,2026-08-27 10:18:09.045614+00:00
STZ,2026-08-13,134.60001,137.55,134.13,136.35001,1892700,2026-08-27 10:18:09.045614+00:00
STZ,2026-08-12,132.92999,134.48,132.36,133.96001,1263800,2026-08-27 10:18:09.045614+00:00
STZ,2026-08-11,132.86,134.17999,131.67,133.98,1479700,2026-08-27 10:18:09.045614+00:00
STZ,2026-08-10,134.080002,134.5,132.67999,133.39,1190200,2026-08-27 10:18:09.045614+00:00
STZ,2026-08-07,132.91,136.59,132.56,135.75999,1779600,2026-08-27 10:18:09.045614+00:00
STZ,2026-08-06,132.42999,134.19,131.2,132.52,1655100,2026-08-27 10:18:09.045614+00:00
STZ,2026-08-05,131.58,131.98,130.050003,130.64,1132900,2026-08-27 10:18:09.045614+00:00
STZ,2026-08-04,130.0,131.55,129.86,131.42,1849400,2026-08-27 10:18:09.045614+00:00
STZ,2026-08-03,130.89999,133.45,130.60001,131.36,2027800,2026-08-27 10:18:09.045614+00:00
STZ,2026-07-31,129.87,130.44,128.97,130.23,1788600,2026-08-27 10:18:09.045614+00:00
STZ,2026-07-30,129.0099945,130.66,128.5,130.38,2256100,2026-08-27 10:18:09.045614+00:00
STZ,2026-07-29,131.8,134.039993,131.28999,131.75,2491500,2026-08-27 10:18:09.045614+00:00
STZ,2026-07-28,132.31,135.089996,131.31,132.020004,2796500,2026-08-27 10:18:09.045614+00:00
STZ,2026-07-27,129.3,131.050003,128.28,129.71001,1882700,2026-08-27 10:18:09.045614+00:00
STZ,2026-07-24,129.28,130.89999,129.10001,130.16,1508600,2026-08-27 10:18:09.045614+00:00
STZ,2026-07-23,131.0,131.029999,128.39999,129.27,1802600,2026-08-27 10:18:09.045614+00:00
STZ,2026-07-22,132.029999,132.85001,131.19,132.080002,1046300,2026-08-27 10:18:09.045614+00:00
STZ,2026-07-21,133.080002,134.48,130.5,130.66,1900200,2026-08-27 10:18:09.045614+00:00
STZ,2026-07-20,133.24001,134.60001,132.25999,134.36,2171700,2026-08-27 10:18:09.045614+00:00
STZ,2026-07-17,137.71001,138.34,132.56,132.87,1617700,2026-08-27 10:18:09.045614+00:00
STZ,2026-07-16,132.73,136.42,131.75999,135.72,2766800,2026-08-27 10:18:09.045614+00:00
APA,2026-08-26,40.755,42.03,40.525,41.77,152247,2026-08-27 10:18:09.045614+00:00
APA,2026-08-25,41.7,42.375,41.33,41.35,4984036,2026-08-27 10:18:09.045614+00:00
APA,2026-08-24,42.93,43.47,41.8,42.96,6205100,2026-08-27 10:18:09.045614+00:00
APA,2026-08-21,44.52,44.84,43.38,43.39,6578400,2026-08-27 10:18:09.045614+00:00
APA,2026-08-20,44.76,45.049999,44.2,44.39,6279400,2026-08-27 10:18:09.045614+00:00
APA,2026-08-19,42.86,45.0,42.85,43.45,8741800,2026-08-27 10:18:09.045614+00:00
APA,2026-08-18,42.02,42.39,41.099998,42.37,5908000,2026-08-27 10:18:09.045614+00:00
APA,2026-08-17,40.54,41.6,40.41,41.58,4935600,2026-08-27 10:18:09.045614+00:00
APA,2026-08-14,40.5,41.0,40.049999,40.47,3961200,2026-08-27 10:18:09.045614+00:00
APA,2026-08-13,39.4,40.07,39.080002,40.0,4156700,2026-08-27 10:18:09.045614+00:00
APA,2026-08-12,40.11,40.51,39.77,39.97,6656200,2026-08-27 10:18:09.045614+00:00
APA,2026-08-11,40.49,41.24,40.35,40.62,6182200,2026-08-27 10:18:09.045614+00:00
APA,2026-08-10,38.24,41.18,38.21,41.02,7198200,2026-08-27 10:18:09.045614+00:00
APA,2026-08-07,35.99,37.9,35.69,37.63,5653200,2026-08-27 10:18:09.045614+00:00
APA,2026-08-06,36.56,36.71,35.46,36.53,8079900,2026-08-27 10:18:09.045614+00:00
APA,2026-08-05,35.85,35.95,34.54,34.66,5392100,2026-08-27 10:18:09.045614+00:00
APA,2026-08-04,35.91,36.11,35.29,35.8,6177600,2026-08-27 10:18:09.045614+00:00
APA,2026-08-03,36.5,37.42,36.12,36.87,4977600,2026-08-27 10:18:09.045614+00:00
APA,2026-07-31,36.45,37.43,36.0099983,37.32,7952200,2026-08-27 10:18:09.045614+00:00
APA,2026-07-30,36.18,36.43,35.6,36.33,5440500,2026-08-27 10:18:09.045614+00:00
APA,2026-07-29,36.52,36.78,35.78,36.7,5360200,2026-08-27 10:18:09.045614+00:00
APA,2026-07-28,34.62,35.35,34.12,34.93,5966800,2026-08-27 10:18:09.045614+00:00
APA,2026-07-27,34.63,35.93,34.36,34.74,6017700,2026-08-27 10:18:09.045614+00:00
APA,2026-07-24,36.35,36.96,36.040001,36.15,3368400,2026-08-27 10:18:09.045614+00:00
APA,2026-07-23,37.44,37.7,36.37,36.42,7062500,2026-08-27 10:18:09.045614+00:00
APA,2026-07-22,36.31,36.57,35.9,36.18,3638000,2026-08-27 10:18:09.045614+00:00
APA,2026-07-21,35.040001,35.78,34.91,35.77,3867600,2026-08-27 10:18:09.045614+00:00
APA,2026-07-20,34.73,35.35,34.41,34.84,4727800,2026-08-27 10:18:09.045614+00:00
APA,2026-07-17,35.15,35.44,34.39,35.22,4586500,2026-08-27 10:18:09.045614+00:00
APA,2026-07-16,34.22,34.71,34.12,34.28,4582400,2026-08-27 10:18:09.045614+00:00
TRGP,2026-08-26,285.19,295.02,285.19,293.925,33166,2026-08-27 10:18:09.045614+00:00
TRGP,2026-08-25,291.10001,293.32001,286.76001,286.91,1122331,2026-08-27 10:18:09.045614+00:00
TRGP,2026-08-24,296.20001,297.98001,291.079987,294.26001,1165300,2026-08-27 10:18:09.045614+00:00
TRGP,2026-08-21,303.10999,307.94,295.72,299.10001,2010500,2026-08-27 10:18:09.045614+00:00
TRGP,2026-08-20,300.0,306.73001,299.26001,302.25,2292700,2026-08-27 10:18:09.045614+00:00
TRGP,2026-08-19,298.29999,299.34,292.029999,297.089996,1529800,2026-08-27 10:18:09.045614+00:00
TRGP,2026-08-18,293.41,305.079987,291.39999,297.76999,2486900,2026-08-27 10:18:09.045614+00:00
TRGP,2026-08-17,276.85001,278.10001,273.82999,277.94,1127800,2026-08-27 10:18:09.045614+00:00
TRGP,2026-08-14,269.59,277.16,268.45001,275.79001,716200,2026-08-27 10:18:09.045614+00:00
TRGP,2026-08-13,267.17999,270.54999,265.59,266.88,693500,2026-08-27 10:18:09.045614+00:00
TRGP,2026-08-12,266.89001,269.85999,265.82001,268.67001,797500,2026-08-27 10:18:09.045614+00:00
TRGP,2026-08-11,265.91,269.67999,265.32999,265.45001,848800,2026-08-27 10:18:09.045614+00:00
TRGP,2026-08-10,258.73001,266.35001,257.5,266.20999,892800,2026-08-27 10:18:09.045614+00:00
TRGP,2026-08-07,263.76001,267.48001,255.080002,256.87,1636100,2026-08-27 10:18:09.045614+00:00
TRGP,2026-08-06,268.38,270.88,262.51001,268.23001,1621100,2026-08-27 10:18:09.045614+00:00
TRGP,2026-08-05,263.98999,264.10999,257.70001,260.10999,1164700,2026-08-27 10:18:09.045614+00:00
TRGP,2026-08-04,260.029999,264.48999,256.95999,262.98001,2027500,2026-08-27 10:18:09.045614+00:00
TRGP,2026-08-03,265.5,267.42999,261.87,264.60001,797600,2026-08-27 10:18:09.045614+00:00
TRGP,2026-07-31,268.81,270.85999,264.72,270.37,1115100,2026-08-27 10:18:09.045614+00:00
TRGP,2026-07-30,265.23999,270.20001,260.64999,268.34,987900,2026-08-27 10:18:09.045614+00:00
TRGP,2026-07-29,266.94,269.049988,264.44,264.67001,1201000,2026-08-27 10:18:09.045614+00:00
TRGP,2026-07-28,268.059998,268.070007,259.85001,261.64999,1721500,2026-08-27 10:18:09.045614+00:00
TRGP,2026-07-27,276.42999,281.040009,267.10999,267.64001,1285000,2026-08-27 10:18:09.045614+00:00
TRGP,2026-07-24,286.01001,291.040009,280.92001,281.32999,1061800,2026-08-27 10:18:09.045614+00:00
TRGP,2026-07-23,286.22,289.66,284.019989,285.57999,955300,2026-08-27 10:18:09.045614+00:00
TRGP,2026-07-22,282.95001,284.94,280.54001,284.45001,842500,2026-08-27 10:18:09.045614+00:00
TRGP,2026-07-21,285.0,285.079987,277.17001,280.22,1283600,2026-08-27 10:18:09.045614+00:00
TRGP,2026-07-20,285.10001,286.25,282.23001,282.35001,969400,2026-08-27 10:18:09.045614+00:00
TRGP,2026-07-17,283.57001,285.56,280.76001,282.91,1140400,2026-08-27 10:18:09.045614+00:00
TRGP,2026-07-16,277.85999,282.60001,277.85999,280.26999,1219900,2026-08-27 10:18:09.045614+00:00
PSX,2026-08-26,234.5,244.04,234.01,242.9,60574,2026-08-27 10:18:09.045614+00:00
PSX,2026-08-25,239.5,242.0,236.56,236.89999,2172856,2026-08-27 10:18:09.045614+00:00
PSX,2026-08-24,241.10001,246.0,239.50999,241.96001,2301400,2026-08-27 10:18:09.045614+00:00
PSX,2026-08-21,240.28,244.47,240.0,242.87,2653800,2026-08-27 10:18:09.045614+00:00
PSX,2026-08-20,243.25999,246.95,239.28,240.0,3109800,2026-08-27 10:18:09.045614+00:00
PSX,2026-08-19,244.24001,244.73,240.22,242.28999,2998000,2026-08-27 10:18:09.045614+00:00
PSX,2026-08-18,240.0,243.60001,238.2,243.49001,3108100,2026-08-27 10:18:09.045614+00:00
PSX,2026-08-17,234.5,240.67,232.96001,240.55,3820900,2026-08-27 10:18:09.045614+00:00
PSX,2026-08-14,232.66,236.14,229.42,233.61,2654200,2026-08-27 10:18:09.045614+00:00
PSX,2026-08-13,223.97,232.89,223.42,232.61,2392500,2026-08-27 10:18:09.045614+00:00
PSX,2026-08-12,221.23,226.60001,221.23,225.58,2575400,2026-08-27 10:18:09.045614+00:00
PSX,2026-08-11,215.0,224.67999,214.21001,224.36,2913700,2026-08-27 10:18:09.045614+00:00
PSX,2026-08-10,207.91,215.85001,206.97,215.52,3081300,2026-08-27 10:18:09.045614+00:00
PSX,2026-08-07,202.44,206.039993,200.5,203.91,2909000,2026-08-27 10:18:09.045614+00:00
PSX,2026-08-06,208.97,210.28,201.25,205.52,2547600,2026-08-27 10:18:09.045614+00:00
PSX,2026-08-05,209.82001,211.42999,200.31,202.55,3833900,2026-08-27 10:18:09.045614+00:00
PSX,2026-08-04,202.42999,206.84,200.60001,205.89,3489900,2026-08-27 10:18:09.045614+00:00
PSX,2026-08-03,209.14999,211.59,205.059998,206.19,1992200,2026-08-27 10:18:09.045614+00:00
PSX,2026-07-31,213.5,213.99001,208.86,211.67999,2913500,2026-08-27 10:18:09.045614+00:00
PSX,2026-07-30,205.0,211.67999,203.91,210.60001,1982000,2026-08-27 10:18:09.045614+00:00
PSX,2026-07-29,210.0,211.66,206.0,206.81,2270900,2026-08-27 10:18:09.045614+00:00
PSX,2026-07-28,208.49001,210.11,205.17999,205.85001,2092100,2026-08-27 10:18:09.045614+00:00
PSX,2026-07-27,203.89999,208.95,200.8,207.82001,1935600,2026-08-27 10:18:09.045614+00:00
PSX,2026-07-24,206.21001,210.64,205.35001,206.77,1664600,2026-08-27 10:18:09.045614+00:00
PSX,2026-07-23,214.58,215.31,205.75999,206.98,3809000,2026-08-27 10:18:09.045614+00:00
PSX,2026-07-22,216.0,216.080002,210.27,211.41,2584300,2026-08-27 10:18:09.045614+00:00
PSX,2026-07-21,210.88,212.39,209.38,212.27,2241400,2026-08-27 10:18:09.045614+00:00
PSX,2026-07-20,206.070007,211.050003,206.070007,208.8,2119300,2026-08-27 10:18:09.045614+00:00
PSX,2026-07-17,205.62,207.14,203.45,206.86,2363300,2026-08-27 10:18:09.045614+00:00
PSX,2026-07-16,198.31,202.72,197.62,201.32001,2627700,2026-08-27 10:18:09.045614+00:00
BKR,2026-08-26,61.71,62.42,60.99,61.99,153029,2026-08-27 10:18:09.045614+00:00
BKR,2026-08-25,62.27,63.0,61.72,61.82,4806686,2026-08-27 10:18:09.045614+00:00
BKR,2026-08-24,62.07,62.47,61.13,61.99,5229400,2026-08-27 10:18:09.045614+00:00
BKR,2026-08-21,62.97,64.050003,62.29,62.34,5651000,2026-08-27 10:18:09.045614+00:00
BKR,2026-08-20,64.2,65.080002,62.68,62.78,6291700,2026-08-27 10:18:09.045614+00:00
BKR,2026-08-19,65.099998,65.18,63.97,64.48,4812000,2026-08-27 10:18:09.045614+00:00
BKR,2026-08-18,65.050003,65.2,64.16,64.44,6350300,2026-08-27 10:18:09.045614+00:00
BKR,2026-08-17,65.26,65.44,64.099998,64.9,5895400,2026-08-27 10:18:09.045614+00:00
BKR,2026-08-14,63.54,65.17,63.47,64.82,6692500,2026-08-27 10:18:09.045614+00:00
BKR,2026-08-13,63.96,64.029999,62.5,63.44,7870800,2026-08-27 10:18:09.045614+00:00
BKR,2026-08-12,64.81,65.099998,64.24,64.28,7498700,2026-08-27 10:18:09.045614+00:00
BKR,2026-08-11,64.23,64.85,64.07,64.81,5499100,2026-08-27 10:18:09.045614+00:00
BKR,2026-08-10,62.049999,64.27,62.0,64.07,5273500,2026-08-27 10:18:09.045614+00:00
BKR,2026-08-07,62.09,62.84,61.54,61.55,7322500,2026-08-27 10:18:09.045614+00:00
BKR,2026-08-06,62.34,63.31,62.09,62.75,4996400,2026-08-27 10:18:09.045614+00:00
BKR,2026-08-05,62.54,62.54,61.12,61.67,5791700,2026-08-27 10:18:09.045614+00:00
BKR,2026-08-04,60.44,61.85,60.18,61.73,7363400,2026-08-27 10:18:09.045614+00:00
BKR,2026-08-03,60.02,60.98,59.080002,60.81,6714000,2026-08-27 10:18:09.045614+00:00
BKR,2026-07-31,60.73,61.26,59.99,60.49,5760900,2026-08-27 10:18:09.045614+00:00
BKR,2026-07-30,59.18,60.12,58.73,59.9,9294700,2026-08-27 10:18:09.045614+00:00
BKR,2026-07-29,60.45,60.47,58.54,58.72,20168000,2026-08-27 10:18:09.045614+00:00
BKR,2026-07-28,60.099998,60.99,57.87,58.46,12307800,2026-08-27 10:18:09.045614+00:00
BKR,2026-07-27,60.63,62.67,59.84,60.59,15186300,2026-08-27 10:18:09.045614+00:00
BKR,2026-07-24,57.0099983,58.2,57.0099983,57.25,9878900,2026-08-27 10:18:09.045614+00:00
BKR,2026-07-23,57.64,57.83,56.0,56.09,9730900,2026-08-27 10:18:09.045614+00:00
BKR,2026-07-22,56.91,57.63,56.32,56.6,9565900,2026-08-27 10:18:09.045614+00:00
BKR,2026-07-21,55.75,56.93,54.42,56.38,11984000,2026-08-27 10:18:09.045614+00:00
BKR,2026-07-20,56.24,56.24,55.049999,55.15,5745600,2026-08-27 10:18:09.045614+00:00
BKR,2026-07-17,56.66,56.76,55.56,55.95,11591500,2026-08-27 10:18:09.045614+00:00
BKR,2026-07-16,57.049999,57.5,56.32,56.54,7731000,2026-08-27 10:18:09.045614+00:00
EXE,2026-08-26,95.01,98.325,94.89,97.1,80498,2026-08-27 10:18:09.045614+00:00
EXE,2026-08-25,94.65,95.98,94.57,94.66,1796361,2026-08-27 10:18:09.045614+00:00
EXE,2026-08-24,96.11,96.9,94.45,96.33,4072900,2026-08-27 10:18:09.045614+00:00
EXE,2026-08-21,95.57,97.38,95.013,96.089996,4723500,2026-08-27 10:18:09.045614+00:00
EXE,2026-08-20,96.71,97.28,93.74,96.07,2786800,2026-08-27 10:18:09.045614+00:00
EXE,2026-08-19,96.089996,97.055,95.86,96.029999,1879600,2026-08-27 10:18:09.045614+00:00
EXE,2026-08-18,95.24,95.77,94.37,95.45,2248200,2026-08-27 10:18:09.045614+00:00
EXE,2026-08-17,94.44,94.63,92.63,94.175,2855100,2026-08-27 10:18:09.045614+00:00
EXE,2026-08-14,95.41,95.69,94.42,94.78,1752900,2026-08-27 10:18:09.045614+00:00
EXE,2026-08-13,94.69,95.46,94.21,94.68,1980700,2026-08-27 10:18:09.045614+00:00
EXE,2026-08-12,97.78,98.14,96.14,96.28,2261200,2026-08-27 10:18:09.045614+00:00
EXE,2026-08-11,97.49,98.88,96.54,98.24,2478800,2026-08-27 10:18:09.045614+00:00
EXE,2026-08-10,94.029999,97.59,93.33,97.56,3261700,2026-08-27 10:18:09.045614+00:00
EXE,2026-08-07,91.69,93.82,91.6,92.84,2240200,2026-08-27 10:18:09.045614+00:00
EXE,2026-08-06,92.44,92.895,91.065002,91.96,2287500,2026-08-27 10:18:09.045614+00:00
EXE,2026-08-05,93.45,93.935,90.52,90.82,2530600,2026-08-27 10:18:09.045614+00:00
EXE,2026-08-04,92.96,93.99,91.65,93.07,2510300,2026-08-27 10:18:09.045614+00:00
EXE,2026-08-03,94.11,95.51,93.77,94.66,3758200,2026-08-27 10:18:09.045614+00:00
EXE,2026-07-31,92.5,94.175,92.059998,94.029999,3073500,2026-08-27 10:18:09.045614+00:00
EXE,2026-07-30,92.31,93.56,90.59,92.42,3145000,2026-08-27 10:18:09.045614+00:00
EXE,2026-07-29,91.96,93.080002,88.76,92.46,6435000,2026-08-27 10:18:09.045614+00:00
EXE,2026-07-28,91.4,91.67,88.098,88.52,5098700,2026-08-27 10:18:09.045614+00:00
EXE,2026-07-27,91.88,92.28,90.21,90.51,4351800,2026-08-27 10:18:09.045614+00:00
EXE,2026-07-24,92.32,93.36,91.45,91.52,3450000,2026-08-27 10:18:09.045614+00:00
EXE,2026-07-23,93.56,94.3,91.48,91.73,4156600,2026-08-27 10:18:09.045614+00:00
EXE,2026-07-22,90.63,93.41,90.18,93.17,4982800,2026-08-27 10:18:09.045614+00:00
EXE,2026-07-21,87.0,88.75,87.0,88.58,2700100,2026-08-27 10:18:09.045614+00:00
EXE,2026-07-20,88.248,88.248,86.41,86.95,3347000,2026-08-27 10:18:09.045614+00:00
EXE,2026-07-17,88.74,89.99,87.675,88.13,5811500,2026-08-27 10:18:09.045614+00:00
EXE,2026-07-16,87.99,88.84,87.53,88.18,3258700,2026-08-27 10:18:09.045614+00:00
FANG,2026-08-26,197.52,202.04,196.86,200.63,36961,2026-08-27 10:18:09.045614+00:00
FANG,2026-08-25,201.60001,204.0,199.47,199.89,2004470,2026-08-27 10:18:09.045614+00:00
FANG,2026-08-24,210.0,211.36,203.31,205.60001,2263600,2026-08-27 10:18:09.045614+00:00
FANG,2026-08-21,211.84,212.96001,209.14999,210.72,1414200,2026-08-27 10:18:09.045614+00:00
FANG,2026-08-20,213.50999,216.89999,209.31,211.020004,2234400,2026-08-27 10:18:09.045614+00:00
FANG,2026-08-19,210.84,213.75,207.75,208.55,1893500,2026-08-27 10:18:09.045614+00:00
FANG,2026-08-18,208.92999,210.41,206.47,210.020004,1812000,2026-08-27 10:18:09.045614+00:00
FANG,2026-08-17,202.7,206.64999,201.84,206.28999,1178300,2026-08-27 10:18:09.045614+00:00
FANG,2026-08-14,200.67999,204.57001,200.67999,202.47,986600,2026-08-27 10:18:09.045614+00:00
FANG,2026-08-13,198.0099945,199.91,196.66,199.50999,1270400,2026-08-27 10:18:09.045614+00:00
FANG,2026-08-12,200.48,201.74001,199.53,200.84,985800,2026-08-27 10:18:09.045614+00:00
FANG,2026-08-11,197.73,203.35001,196.039993,201.71001,1251000,2026-08-27 10:18:09.045614+00:00
FANG,2026-08-10,190.8,199.42999,190.8,198.97,1931500,2026-08-27 10:18:09.045614+00:00
FANG,2026-08-07,187.39,189.070007,184.8,188.039993,1506900,2026-08-27 10:18:09.045614+00:00
FANG,2026-08-06,189.55,190.11,187.059998,189.63,1486800,2026-08-27 10:18:09.045614+00:00
FANG,2026-08-05,191.91,192.5,184.85001,186.17,2369800,2026-08-27 10:18:09.045614+00:00
FANG,2026-08-04,189.11,195.5,188.31,191.87,4161000,2026-08-27 10:18:09.045614+00:00
FANG,2026-08-03,198.75999,199.60001,196.25999,198.75,2204900,2026-08-27 10:18:09.045614+00:00
FANG,2026-07-31,198.48,203.78999,198.10001,202.95,1651700,2026-08-27 10:18:09.045614+00:00
FANG,2026-07-30,196.92999,199.92999,195.48,199.77,1514600,2026-08-27 10:18:09.045614+00:00
FANG,2026-07-29,198.2,199.97,195.98,199.13,1926400,2026-08-27 10:18:09.045614+00:00
FANG,2026-07-28,197.11,198.59,190.050003,190.31,2513100,2026-08-27 10:18:09.045614+00:00
FANG,2026-07-27,197.080002,201.71001,195.42999,195.8,1742400,2026-08-27 10:18:09.045614+00:00
FANG,2026-07-24,205.83,210.55,203.5,204.67999,2403900,2026-08-27 10:18:09.045614+00:00
FANG,2026-07-23,206.53999,209.89999,204.58,205.49001,1990200,2026-08-27 10:18:09.045614+00:00
FANG,2026-07-22,202.42,204.96001,202.23,203.020004,1576300,2026-08-27 10:18:09.045614+00:00
FANG,2026-07-21,197.10001,199.89999,195.8,199.8,1570800,2026-08-27 10:18:09.045614+00:00
FANG,2026-07-20,192.42999,198.059998,192.42999,195.38,1633000,2026-08-27 10:18:09.045614+00:00
FANG,2026-07-17,193.039993,196.10001,192.3,195.53999,2017400,2026-08-27 10:18:09.045614+00:00
FANG,2026-07-16,190.28999,192.020004,189.78,190.13,1514000,2026-08-27 10:18:09.045614+00:00
KMI,2026-08-26,30.85,32.25,30.835,32.14,662586,2026-08-27 10:18:09.045614+00:00
KMI,2026-08-25,30.71,31.355,30.62,30.94,12100951,2026-08-27 10:18:09.045614+00:00
KMI,2026-08-24,30.86,31.14,30.51,31.0,13128100,2026-08-27 10:18:09.045614+00:00
KMI,2026-08-21,31.74,31.86,30.84,30.98,11726400,2026-08-27 10:18:09.045614+00:00
KMI,2026-08-20,32.16,32.29,31.13,31.61,13721600,2026-08-27 10:18:09.045614+00:00
KMI,2026-08-19,33.0,33.060001,31.77,32.080002,11129800,2026-08-27 10:18:09.045614+00:00
KMI,2026-08-18,32.75,33.060001,32.6,32.87,11671200,2026-08-27 10:18:09.045614+00:00
KMI,2026-08-17,32.83,32.98,32.29,32.33,9506000,2026-08-27 10:18:09.045614+00:00
KMI,2026-08-14,32.23,32.84,32.13,32.82,8663100,2026-08-27 10:18:09.045614+00:00
KMI,2026-08-13,31.64,32.39,31.58,32.080002,16354300,2026-08-27 10:18:09.045614+00:00
KMI,2026-08-12,31.37,31.81,31.36,31.73,7046200,2026-08-27 10:18:09.045614+00:00
KMI,2026-08-11,31.44,31.69,31.32,31.48,7111400,2026-08-27 10:18:09.045614+00:00
KMI,2026-08-10,31.08,31.41,30.94,31.39,6653500,2026-08-27 10:18:09.045614+00:00
KMI,2026-08-07,31.059999,31.21,30.77,30.85,8187400,2026-08-27 10:18:09.045614+00:00
KMI,2026-08-06,31.5,31.64,31.059999,31.28,8097600,2026-08-27 10:18:09.045614+00:00
KMI,2026-08-05,31.32,31.49,30.91,31.12,8290600,2026-08-27 10:18:09.045614+00:00
KMI,2026-08-04,30.99,31.61,30.68,31.38,12125600,2026-08-27 10:18:09.045614+00:00
KMI,2026-08-03,31.64,31.73,31.27,31.4,9056000,2026-08-27 10:18:09.045614+00:00
KMI,2026-07-31,31.55,32.28,31.55,32.18,9837100,2026-08-27 10:18:09.045614+00:00
KMI,2026-07-30,31.67,31.95,31.25,31.66,12699800,2026-08-27 10:18:09.045614+00:00
KMI,2026-07-29,32.099998,32.28,31.63,31.85,10375100,2026-08-27 10:18:09.045614+00:00
KMI,2026-07-28,31.95,32.2,31.55,31.61,13190700,2026-08-27 10:18:09.045614+00:00
KMI,2026-07-27,32.27,32.37,31.67,31.75,13868800,2026-08-27 10:18:09.045614+00:00
KMI,2026-07-24,32.92,33.26,32.6,32.86,9358800,2026-08-27 10:18:09.045614+00:00
KMI,2026-07-23,33.0,33.26,32.02,32.77,20251500,2026-08-27 10:18:09.045614+00:00
KMI,2026-07-22,32.69,32.74,32.3,32.49,9855400,2026-08-27 10:18:09.045614+00:00
KMI,2026-07-21,32.92,32.92,32.049999,32.38,9633500,2026-08-27 10:18:09.045614+00:00
KMI,2026-07-20,32.5,33.07,32.25,32.58,8654500,2026-08-27 10:18:09.045614+00:00
KMI,2026-07-17,32.92,32.97,32.13,32.3,8516600,2026-08-27 10:18:09.045614+00:00
KMI,2026-07-16,32.25,32.78,32.11,32.54,6410199,2026-08-27 10:18:09.045614+00:00
COP,2026-08-26,130.19,132.73,130.17,131.93,137208,2026-08-27 10:18:09.045614+00:00
COP,2026-08-25,131.085007,132.9178,130.17,131.84,6043385,2026-08-27 10:18:09.045614+00:00
COP,2026-08-24,134.089996,135.63,132.92999,133.35001,6137400,2026-08-27 10:18:09.045614+00:00
COP,2026-08-21,134.89,135.88,134.45,134.87,8696600,2026-08-27 10:18:09.045614+00:00
COP,2026-08-20,132.5,135.87,132.23,134.89,9358400,2026-08-27 10:18:09.045614+00:00
COP,2026-08-19,130.21001,132.38,129.86,130.58,7845500,2026-08-27 10:18:09.045614+00:00
COP,2026-08-18,129.0,130.12,128.10001,129.72,5339300,2026-08-27 10:18:09.045614+00:00
COP,2026-08-17,126.15,127.86,125.14,127.56,6963700,2026-08-27 10:18:09.045614+00:00
COP,2026-08-14,125.56,127.4,125.37,126.78,5626200,2026-08-27 10:18:09.045614+00:00
COP,2026-08-13,125.72,126.39,124.12,124.52,7248000,2026-08-27 10:18:09.045614+00:00
COP,2026-08-12,125.0,127.34,124.81,127.3,6063400,2026-08-27 10:18:09.045614+00:00
COP,2026-08-11,122.75,126.050003,122.57,125.92,5922800,2026-08-27 10:18:09.045614+00:00
COP,2026-08-10,119.23,123.26,119.17,123.029999,7267300,2026-08-27 10:18:09.045614+00:00
COP,2026-08-07,115.61,118.52,114.89,117.61,7866000,2026-08-27 10:18:09.045614+00:00
COP,2026-08-06,120.0,120.050003,115.43,116.76,8648300,2026-08-27 10:18:09.045614+00:00
COP,2026-08-05,118.8,119.15,114.71,115.040001,7905100,2026-08-27 10:18:09.045614+00:00
COP,2026-08-04,117.64,118.47,116.080002,117.94,7115400,2026-08-27 10:18:09.045614+00:00
COP,2026-08-03,118.54,119.28,117.14,119.16,6555200,2026-08-27 10:18:09.045614+00:00
COP,2026-07-31,119.45,120.84,117.83,120.48,5801900,2026-08-27 10:18:09.045614+00:00
COP,2026-07-30,116.2,119.12,116.2,119.029999,6496700,2026-08-27 10:18:09.045614+00:00
COP,2026-07-29,117.95,119.0,117.26,118.059998,5998500,2026-08-27 10:18:09.045614+00:00
COP,2026-07-28,115.99,117.19,113.21,114.099998,7638000,2026-08-27 10:18:09.045614+00:00
COP,2026-07-27,117.22,118.49,115.46,115.58,7322500,2026-08-27 10:18:09.045614+00:00
COP,2026-07-24,120.27,121.69,119.63,120.26,4392500,2026-08-27 10:18:09.045614+00:00
COP,2026-07-23,121.24,122.38,119.98,120.2,7048700,2026-08-27 10:18:09.045614+00:00
COP,2026-07-22,118.94,119.74,118.48,118.79,4691800,2026-08-27 10:18:09.045614+00:00
COP,2026-07-21,116.62,117.55,115.72,117.5,5062300,2026-08-27 10:18:09.045614+00:00
COP,2026-07-20,113.78,116.68,113.26,115.68,6726000,2026-08-27 10:18:09.045614+00:00
COP,2026-07-17,115.67,116.26,113.45,114.71,5844500,2026-08-27 10:18:09.045614+00:00
COP,2026-07-16,112.22,112.89,111.8,112.84,4916500,2026-08-27 10:18:09.045614+00:00
TPL,2026-08-26,369.995,382.375,369.995,372.79,5943,2026-08-27 10:18:09.045614+00:00
TPL,2026-08-25,368.17999,376.54001,365.1615,372.79001,242613,2026-08-27 10:18:09.045614+00:00
TPL,2026-08-24,377.57001,386.12,369.67001,373.45001,347700,2026-08-27 10:18:09.045614+00:00
TPL,2026-08-21,373.64001,386.35999,372.47,383.64001,330400,2026-08-27 10:18:09.045614+00:00
TPL,2026-08-20,376.85001,396.78,357.67999,369.56,1095700,2026-08-27 10:18:09.045614+00:00
TPL,2026-08-19,370.0,375.92001,367.98999,373.17999,357000,2026-08-27 10:18:09.045614+00:00
TPL,2026-08-18,362.67999,366.79999,357.28,365.35999,333000,2026-08-27 10:18:09.045614+00:00
TPL,2026-08-17,357.66,364.0,352.75,360.79001,256300,2026-08-27 10:18:09.045614+00:00
TPL,2026-08-14,348.029999,361.28,347.049988,358.51999,326100,2026-08-27 10:18:09.045614+00:00
TPL,2026-08-13,336.48999,350.51999,335.10001,347.040009,372700,2026-08-27 10:18:09.045614+00:00
TPL,2026-08-12,360.87,362.98999,339.5,342.76999,504900,2026-08-27 10:18:09.045614+00:00
TPL,2026-08-11,350.0,368.97,347.64999,364.97,461400,2026-08-27 10:18:09.045614+00:00
TPL,2026-08-10,346.29999,353.82999,340.23001,350.44,473800,2026-08-27 10:18:09.045614+00:00
TPL,2026-08-07,360.84,360.84,340.57999,340.64999,491900,2026-08-27 10:18:09.045614+00:00
TPL,2026-08-06,394.23001,394.23001,346.53,355.64001,817200,2026-08-27 10:18:09.045614+00:00
TPL,2026-08-05,394.67001,397.10001,379.53,381.88,350300,2026-08-27 10:18:09.045614+00:00
TPL,2026-08-04,405.35001,411.45999,394.72,395.51999,368200,2026-08-27 10:18:09.045614+00:00
TPL,2026-08-03,389.059998,406.48001,385.32999,406.14999,365800,2026-08-27 10:18:09.045614+00:00
TPL,2026-07-31,395.35999,407.70999,394.85001,402.57999,391600,2026-08-27 10:18:09.045614+00:00
TPL,2026-07-30,386.0,395.84,377.82999,394.25,267400,2026-08-27 10:18:09.045614+00:00
TPL,2026-07-29,397.48001,399.019989,387.76999,389.41,257700,2026-08-27 10:18:09.045614+00:00
TPL,2026-07-28,396.040009,398.62,387.01001,389.42001,331800,2026-08-27 10:18:09.045614+00:00
TPL,2026-07-27,415.95999,421.16,395.60999,396.62,265600,2026-08-27 10:18:09.045614+00:00
TPL,2026-07-24,423.97,429.85999,419.029999,419.44,183500,2026-08-27 10:18:09.045614+00:00
TPL,2026-07-23,436.92999,437.29999,422.64999,425.54999,229000,2026-08-27 10:18:09.045614+00:00
TPL,2026-07-22,420.16,435.32001,419.97,433.10001,322100,2026-08-27 10:18:09.045614+00:00
TPL,2026-07-21,408.040009,420.26001,408.0,418.91,232000,2026-08-27 10:18:09.045614+00:00
TPL,2026-07-20,415.35001,419.51999,405.39001,405.87,251000,2026-08-27 10:18:09.045614+00:00
TPL,2026-07-17,422.23001,429.78,406.45999,415.70001,319100,2026-08-27 10:18:09.045614+00:00
TPL,2026-07-16,413.14001,423.0,404.19,416.049988,221300,2026-08-27 10:18:09.045614+00:00
SLB,2026-08-26,52.29,53.91,52.0,53.335,273848,2026-08-27 10:18:09.045614+00:00
SLB,2026-08-25,53.6,54.89,52.96,53.29,10688477,2026-08-27 10:18:09.045614+00:00
SLB,2026-08-24,53.62,54.09,52.52,54.0,14376900,2026-08-27 10:18:09.045614+00:00
SLB,2026-08-21,54.0,54.15,53.19,53.87,7094100,2026-08-27 10:18:09.045614+00:00
SLB,2026-08-20,53.87,54.33,53.53,53.55,8441300,2026-08-27 10:18:09.045614+00:00
SLB,2026-08-19,53.7,54.19,53.060001,53.55,7017600,2026-08-27 10:18:09.045614+00:00
SLB,2026-08-18,54.060001,54.58,53.18,53.21,5328500,2026-08-27 10:18:09.045614+00:00
SLB,2026-08-17,53.98,54.0,53.080002,53.86,6545800,2026-08-27 10:18:09.045614+00:00
SLB,2026-08-14,52.27,53.99,52.2,53.77,9942300,2026-08-27 10:18:09.045614+00:00
SLB,2026-08-13,52.0,52.44,51.6,52.060001,8476700,2026-08-27 10:18:09.045614+00:00
SLB,2026-08-12,53.25,53.45,52.53,52.61,8203700,2026-08-27 10:18:09.045614+00:00
SLB,2026-08-11,53.48,53.99,53.040001,53.68,8139500,2026-08-27 10:18:09.045614+00:00
SLB,2026-08-10,50.76,53.23,50.67,53.2,10239700,2026-08-27 10:18:09.045614+00:00
SLB,2026-08-07,51.049999,51.72,50.28,50.53,8351400,2026-08-27 10:18:09.045614+00:00
SLB,2026-08-06,50.72,52.43,50.63,51.54,11474800,2026-08-27 10:18:09.045614+00:00
SLB,2026-08-05,51.099998,51.28,49.91,49.91,9679100,2026-08-27 10:18:09.045614+00:00
SLB,2026-08-04,48.82,50.92,48.82,50.81,11277300,2026-08-27 10:18:09.045614+00:00
SLB,2026-08-03,49.02,49.75,48.3,49.31,13000000,2026-08-27 10:18:09.045614+00:00
SLB,2026-07-31,49.44,49.95,48.37,49.59,12317400,2026-08-27 10:18:09.045614+00:00
SLB,2026-07-30,49.26,49.71,48.38,48.91,11946000,2026-08-27 10:18:09.045614+00:00
SLB,2026-07-29,50.78,51.32,48.96,48.96,13762600,2026-08-27 10:18:09.045614+00:00
SLB,2026-07-28,51.63,51.95,49.88,49.98,15340000,2026-08-27 10:18:09.045614+00:00
SLB,2026-07-27,52.3,53.2,51.43,51.53,16787900,2026-08-27 10:18:09.045614+00:00
SLB,2026-07-24,50.07,52.59,49.74,52.42,28901100,2026-08-27 10:18:09.045614+00:00
SLB,2026-07-23,48.049999,48.63,47.15,47.22,12435600,2026-08-27 10:18:09.045614+00:00
SLB,2026-07-22,47.15,47.87,47.15,47.67,12740900,2026-08-27 10:18:09.045614+00:00
SLB,2026-07-21,46.16,46.73,45.18,46.59,19129000,2026-08-27 10:18:09.045614+00:00
SLB,2026-07-20,47.0,47.23,46.31,46.39,11751900,2026-08-27 10:18:09.045614+00:00
SLB,2026-07-17,47.0,47.29,46.43,46.99,12926500,2026-08-27 10:18:09.045614+00:00
SLB,2026-07-16,47.24,47.74,46.85,47.080002,6555500,2026-08-27 10:18:09.045614+00:00
AMP,2026-08-26,558.81,562.35,551.555,561.47,11300,2026-08-27 10:18:09.045614+00:00
AMP,2026-08-25,560.62,561.34003,555.35999,560.26001,280475,2026-08-27 10:18:09.045614+00:00
AMP,2026-08-24,555.20001,563.34003,553.44,561.13,249800,2026-08-27 10:18:09.045614+00:00
AMP,2026-08-21,551.46002,562.60999,551.46002,555.59003,571600,2026-08-27 10:18:09.045614+00:00
AMP,2026-08-20,561.23999,564.46997,546.65997,547.090027,382900,2026-08-27 10:18:09.045614+00:00
AMP,2026-08-19,565.29999,571.099976,558.88,559.78003,384800,2026-08-27 10:18:09.045614+00:00
AMP,2026-08-18,566.25,568.70001,560.01001,562.12,330400,2026-08-27 10:18:09.045614+00:00
AMP,2026-08-17,567.95001,571.17999,561.19,561.63,451700,2026-08-27 10:18:09.045614+00:00
AMP,2026-08-14,571.0,572.56,567.92999,569.53998,289900,2026-08-27 10:18:09.045614+00:00
AMP,2026-08-13,565.94,571.16998,560.97998,570.67999,320100,2026-08-27 10:18:09.045614+00:00
AMP,2026-08-12,560.21002,565.32001,557.64001,565.070007,375700,2026-08-27 10:18:09.045614+00:00
AMP,2026-08-11,555.66998,565.44,555.59998,562.97998,385100,2026-08-27 10:18:09.045614+00:00
AMP,2026-08-10,555.73999,562.41998,550.25,557.53003,347000,2026-08-27 10:18:09.045614+00:00
AMP,2026-08-07,555.21997,558.59003,549.79999,551.97998,463300,2026-08-27 10:18:09.045614+00:00
AMP,2026-08-06,565.0,565.049988,554.13,559.82001,430600,2026-08-27 10:18:09.045614+00:00
AMP,2026-08-05,560.0,564.29999,554.85999,561.030029,420800,2026-08-27 10:18:09.045614+00:00
AMP,2026-08-04,552.070007,557.10999,550.64001,553.58002,623000,2026-08-27 10:18:09.045614+00:00
AMP,2026-08-03,546.48999,553.82001,543.96997,552.070007,366700,2026-08-27 10:18:09.045614+00:00
AMP,2026-07-31,545.52002,549.39001,543.42999,545.84003,480600,2026-08-27 10:18:09.045614+00:00
AMP,2026-07-30,541.40997,546.31,532.91998,544.46002,418600,2026-08-27 10:18:09.045614+00:00
AMP,2026-07-29,541.64001,547.91998,539.0,540.28998,444700,2026-08-27 10:18:09.045614+00:00
AMP,2026-07-28,538.22998,553.46002,536.28998,546.62,697100,2026-08-27 10:18:09.045614+00:00
AMP,2026-07-27,534.42999,543.25,530.90997,538.01001,654000,2026-08-27 10:18:09.045614+00:00
AMP,2026-07-24,519.40997,530.21002,510.75,528.90002,491800,2026-08-27 10:18:09.045614+00:00
AMP,2026-07-23,531.37,536.58002,515.090027,520.10999,929200,2026-08-27 10:18:09.045614+00:00
AMP,2026-07-22,529.67999,531.46002,525.21002,526.82001,641800,2026-08-27 10:18:09.045614+00:00
AMP,2026-07-21,527.90002,529.34998,522.96002,528.37,557000,2026-08-27 10:18:09.045614+00:00
AMP,2026-07-20,528.76001,530.82001,523.16998,526.21997,459800,2026-08-27 10:18:09.045614+00:00
AMP,2026-07-17,523.79999,538.92999,523.69,527.87,661500,2026-08-27 10:18:09.045614+00:00
AMP,2026-07-16,520.049988,533.23999,520.049988,533.21002,666900,2026-08-27 10:18:09.045614+00:00
GPN,2026-08-26,93.32,93.78,92.73,93.27,23519,2026-08-27 10:18:09.045614+00:00
GPN,2026-08-25,93.86,94.865,92.74,93.82,3089215,2026-08-27 10:18:09.045614+00:00
GPN,2026-08-24,93.63,95.88,93.63,94.3,3307100,2026-08-27 10:18:09.045614+00:00
GPN,2026-08-21,93.029999,94.64,91.58,93.49,4132100,2026-08-27 10:18:09.045614+00:00
GPN,2026-08-20,91.61,92.93,90.85,92.28,1899600,2026-08-27 10:18:09.045614+00:00
GPN,2026-08-19,90.47,92.53,90.38,91.74,2460500,2026-08-27 10:18:09.045614+00:00
GPN,2026-08-18,91.66,93.050003,90.36,90.37,1442400,2026-08-27 10:18:09.045614+00:00
GPN,2026-08-17,92.029999,92.45,90.18,90.38,2741100,2026-08-27 10:18:09.045614+00:00
GPN,2026-08-14,94.71,95.23,92.0,93.050003,2498100,2026-08-27 10:18:09.045614+00:00
GPN,2026-08-13,88.9,95.58,88.6,94.83,3638200,2026-08-27 10:18:09.045614+00:00
GPN,2026-08-12,85.75,88.74,84.2,88.53,2944000,2026-08-27 10:18:09.045614+00:00
GPN,2026-08-11,85.96,86.91,85.58,85.86,2102500,2026-08-27 10:18:09.045614+00:00
GPN,2026-08-10,85.7,86.93,84.99,86.13,2691000,2026-08-27 10:18:09.045614+00:00
GPN,2026-08-07,87.6,88.5,84.64,86.12,5308800,2026-08-27 10:18:09.045614+00:00
GPN,2026-08-06,87.52,87.79,85.7,87.69,4914600,2026-08-27 10:18:09.045614+00:00
GPN,2026-08-05,87.78,90.85,86.0,87.48,4160400,2026-08-27 10:18:09.045614+00:00
GPN,2026-08-04,84.89,88.57,84.46,88.25,4048700,2026-08-27 10:18:09.045614+00:00
GPN,2026-08-03,85.75,87.089996,84.099998,86.19,3280200,2026-08-27 10:18:09.045614+00:00
GPN,2026-07-31,85.67,86.25,83.87,84.080002,3003600,2026-08-27 10:18:09.045614+00:00
GPN,2026-07-30,86.79,87.53,84.83,86.84,2774200,2026-08-27 10:18:09.045614+00:00
GPN,2026-07-29,86.57,89.099998,86.29,88.27,2942500,2026-08-27 10:18:09.045614+00:00
GPN,2026-07-28,84.93,87.53,84.59,87.46,3581400,2026-08-27 10:18:09.045614+00:00
GPN,2026-07-27,82.019997,84.34,82.019997,84.059998,3472900,2026-08-27 10:18:09.045614+00:00
GPN,2026-07-24,78.56,81.15,78.13,80.92,2981800,2026-08-27 10:18:09.045614+00:00
GPN,2026-07-23,78.7,78.88,77.25,77.86,2629300,2026-08-27 10:18:09.045614+00:00
GPN,2026-07-22,80.8,80.85,78.49,78.97,2355000,2026-08-27 10:18:09.045614+00:00
GPN,2026-07-21,82.0,82.8,79.68,80.07,2379700,2026-08-27 10:18:09.045614+00:00
GPN,2026-07-20,80.9,83.029999,78.87,82.37,5877200,2026-08-27 10:18:09.045614+00:00
GPN,2026-07-17,79.85,81.96,77.74,77.82,2807000,2026-08-27 10:18:09.045614+00:00
GPN,2026-07-16,78.85,80.76,78.75,80.49,4330300,2026-08-27 10:18:09.045614+00:00
AIZ,2026-08-26,285.68,289.29,285.68,288.14,4439,2026-08-27 10:18:09.045614+00:00
AIZ,2026-08-25,288.23999,288.23999,282.82001,285.14999,272883,2026-08-27 10:18:09.045614+00:00
AIZ,2026-08-24,284.95001,288.5,284.95001,287.81,310000,2026-08-27 10:18:09.045614+00:00
AIZ,2026-08-21,283.67999,285.25,282.92001,284.040009,587400,2026-08-27 10:18:09.045614+00:00
AIZ,2026-08-20,276.88,283.45001,274.35999,282.0,442500,2026-08-27 10:18:09.045614+00:00
AIZ,2026-08-19,282.85999,282.85999,278.28,278.31,283800,2026-08-27 10:18:09.045614+00:00
AIZ,2026-08-18,284.23999,288.14001,279.89999,280.070007,393800,2026-08-27 10:18:09.045614+00:00
AIZ,2026-08-17,281.95999,285.91,281.019989,281.10999,374700,2026-08-27 10:18:09.045614+00:00
AIZ,2026-08-14,282.26999,283.38,279.44,282.38,359500,2026-08-27 10:18:09.045614+00:00
AIZ,2026-08-13,290.5,290.5,280.32001,280.92001,284400,2026-08-27 10:18:09.045614+00:00
AIZ,2026-08-12,280.089996,284.64001,278.37,281.12,274000,2026-08-27 10:18:09.045614+00:00
AIZ,2026-08-11,286.38,289.95999,280.89999,281.41,385200,2026-08-27 10:18:09.045614+00:00
AIZ,2026-08-10,287.45001,289.37,285.26999,287.22,364000,2026-08-27 10:18:09.045614+00:00
AIZ,2026-08-07,296.38,298.23001,288.66,289.54999,486800,2026-08-27 10:18:09.045614+00:00
AIZ,2026-08-06,300.95001,303.94,292.25,296.39999,485300,2026-08-27 10:18:09.045614+00:00
AIZ,2026-08-05,294.14001,302.29001,290.0,301.57001,711100,2026-08-27 10:18:09.045614+00:00
AIZ,2026-08-04,280.67001,282.89001,278.59,281.31,425500,2026-08-27 10:18:09.045614+00:00
AIZ,2026-08-03,280.51999,283.53,278.98999,282.39001,433200,2026-08-27 10:18:09.045614+00:00
AIZ,2026-07-31,280.20999,282.84,279.070007,279.19,531100,2026-08-27 10:18:09.045614+00:00
AIZ,2026-07-30,281.60001,284.070007,275.76999,282.45999,438800,2026-08-27 10:18:09.045614+00:00
AIZ,2026-07-29,281.95999,284.64001,278.54999,281.0,395000,2026-08-27 10:18:09.045614+00:00
AIZ,2026-07-28,277.29001,283.45999,276.87,283.079987,518600,2026-08-27 10:18:09.045614+00:00
AIZ,2026-07-27,277.19,279.14999,276.78,276.87,320700,2026-08-27 10:18:09.045614+00:00
AIZ,2026-07-24,274.019989,277.89001,272.38,276.94,235500,2026-08-27 10:18:09.045614+00:00
AIZ,2026-07-23,272.20001,274.01001,269.78,273.79999,282200,2026-08-27 10:18:09.045614+00:00
AIZ,2026-07-22,274.98999,274.98999,272.070007,273.14999,347200,2026-08-27 10:18:09.045614+00:00
AIZ,2026-07-21,275.28,276.059998,272.42001,275.84,223600,2026-08-27 10:18:09.045614+00:00
AIZ,2026-07-20,276.84,278.75,275.17001,275.47,282000,2026-08-27 10:18:09.045614+00:00
AIZ,2026-07-17,275.79001,281.60999,275.79001,276.84,296600,2026-08-27 10:18:09.045614+00:00
AIZ,2026-07-16,273.63,277.57999,271.79001,275.44,321000,2026-08-27 10:18:09.045614+00:00
AFL,2026-08-26,116.55,117.4,116.5,117.12,14837,2026-08-27 10:18:09.045614+00:00
AFL,2026-08-25,118.15,118.39,116.11,116.18,1808248,2026-08-27 10:18:09.045614+00:00
AFL,2026-08-24,117.080002,118.3,117.080002,118.2,1352200,2026-08-27 10:18:09.045614+00:00
AFL,2026-08-21,116.51,117.18,115.97,116.07,1993100,2026-08-27 10:18:09.045614+00:00
AFL,2026-08-20,116.17,117.32,115.82,116.17,2091500,2026-08-27 10:18:09.045614+00:00
AFL,2026-08-19,120.010002,121.050003,116.0,116.51,3014800,2026-08-27 10:18:09.045614+00:00
AFL,2026-08-18,122.21,122.79,121.53,121.73,2045200,2026-08-27 10:18:09.045614+00:00
AFL,2026-08-17,121.3,122.4,120.92,120.98,1492000,2026-08-27 10:18:09.045614+00:00
AFL,2026-08-14,120.97,121.91,120.73,121.45,1439300,2026-08-27 10:18:09.045614+00:00
AFL,2026-08-13,121.29,121.89,119.74,121.099998,1551400,2026-08-27 10:18:09.045614+00:00
AFL,2026-08-12,120.19,121.45,120.07,120.73,1471000,2026-08-27 10:18:09.045614+00:00
AFL,2026-08-11,121.07,121.89,120.93,121.07,1685500,2026-08-27 10:18:09.045614+00:00
AFL,2026-08-10,124.099998,124.8,121.17,121.94,3484400,2026-08-27 10:18:09.045614+00:00
AFL,2026-08-07,126.66,126.99,122.91,124.61,2452900,2026-08-27 10:18:09.045614+00:00
AFL,2026-08-06,126.25,126.79,125.47,126.66,2233700,2026-08-27 10:18:09.045614+00:00
AFL,2026-08-05,125.51,125.88,124.28,125.56,2094500,2026-08-27 10:18:09.045614+00:00
AFL,2026-08-04,125.79,126.49,124.45,125.15,2519800,2026-08-27 10:18:09.045614+00:00
AFL,2026-08-03,127.84,128.3,126.3,126.71,1963300,2026-08-27 10:18:09.045614+00:00
AFL,2026-07-31,126.51,128.029999,126.0,127.48,2042600,2026-08-27 10:18:09.045614+00:00
AFL,2026-07-30,128.32001,128.45,126.07,127.36,1696900,2026-08-27 10:18:09.045614+00:00
AFL,2026-07-29,129.17,130.22,128.31,128.67,1758400,2026-08-27 10:18:09.045614+00:00
AFL,2026-07-28,127.64,129.62,127.0,129.55,1947300,2026-08-27 10:18:09.045614+00:00
AFL,2026-07-27,125.51,126.87,125.5,126.56,1962600,2026-08-27 10:18:09.045614+00:00
AFL,2026-07-24,124.29,125.71,123.75,125.6,1518600,2026-08-27 10:18:09.045614+00:00
AFL,2026-07-23,123.66,124.62,122.67,124.34,1715900,2026-08-27 10:18:09.045614+00:00
AFL,2026-07-22,123.78,124.53,122.95,123.58,1567100,2026-08-27 10:18:09.045614+00:00
AFL,2026-07-21,123.75,123.83,122.43,123.59,2049400,2026-08-27 10:18:09.045614+00:00
AFL,2026-07-20,124.73,125.050003,123.9,124.080002,1672000,2026-08-27 10:18:09.045614+00:00
AFL,2026-07-17,124.019997,125.93,123.96,124.72,4031500,2026-08-27 10:18:09.045614+00:00
AFL,2026-07-16,121.39,123.22,121.0,123.019997,2513100,2026-08-27 10:18:09.045614+00:00
KEY,2026-08-26,22.065,22.2,21.9,22.145,346977,2026-08-27 10:18:09.045614+00:00
KEY,2026-08-25,21.9,21.92,21.715,21.89,6495075,2026-08-27 10:18:09.045614+00:00
KEY,2026-08-24,21.9,22.17,21.76,21.87,11304600,2026-08-27 10:18:09.045614+00:00
KEY,2026-08-21,21.99,22.1,21.69,21.87,11538200,2026-08-27 10:18:09.045614+00:00
KEY,2026-08-20,22.040001,22.08,21.83,21.85,13390600,2026-08-27 10:18:09.045614+00:00
KEY,2026-08-19,22.86,22.91,22.0,22.1,11850700,2026-08-27 10:18:09.045614+00:00
KEY,2026-08-18,23.059999,23.17,22.7,22.79,8730700,2026-08-27 10:18:09.045614+00:00
KEY,2026-08-17,23.24,23.46,23.040001,23.040001,8450300,2026-08-27 10:18:09.045614+00:00
KEY,2026-08-14,23.01,23.32,22.94,23.31,11119500,2026-08-27 10:18:09.045614+00:00
KEY,2026-08-13,23.01,23.14,22.86,22.99,7091200,2026-08-27 10:18:09.045614+00:00
KEY,2026-08-12,22.79,22.99,22.67,22.89,7940300,2026-08-27 10:18:09.045614+00:00
KEY,2026-08-11,22.63,22.88,22.59,22.69,6391000,2026-08-27 10:18:09.045614+00:00
KEY,2026-08-10,22.63,22.8,22.56,22.68,7584400,2026-08-27 10:18:09.045614+00:00
KEY,2026-08-07,22.61,22.81,22.43,22.73,5589700,2026-08-27 10:18:09.045614+00:00
KEY,2026-08-06,23.28,23.29,22.58,22.66,9900500,2026-08-27 10:18:09.045614+00:00
KEY,2026-08-05,23.12,23.35,22.87,23.09,9410800,2026-08-27 10:18:09.045614+00:00
KEY,2026-08-04,22.79,23.27,22.76,23.1,7935900,2026-08-27 10:18:09.045614+00:00
KEY,2026-08-03,22.56,22.87,22.55,22.81,8006900,2026-08-27 10:18:09.045614+00:00
KEY,2026-07-31,22.66,22.86,22.53,22.59,13144100,2026-08-27 10:18:09.045614+00:00
KEY,2026-07-30,22.42,22.67,22.27,22.61,9885900,2026-08-27 10:18:09.045614+00:00
KEY,2026-07-29,22.42,22.67,22.13,22.18,12221400,2026-08-27 10:18:09.045614+00:00
KEY,2026-07-28,22.61,22.68,22.45,22.63,9233700,2026-08-27 10:18:09.045614+00:00
KEY,2026-07-27,22.66,22.92,22.4,22.51,8822200,2026-08-27 10:18:09.045614+00:00
KEY,2026-07-24,22.7,22.9,22.57,22.65,8061600,2026-08-27 10:18:09.045614+00:00
KEY,2026-07-23,22.85,22.89,22.57,22.72,12095000,2026-08-27 10:18:09.045614+00:00
KEY,2026-07-22,22.76,23.11,22.73,23.11,13138100,2026-08-27 10:18:09.045614+00:00
KEY,2026-07-21,22.85,23.32,22.65,22.95,18030200,2026-08-27 10:18:09.045614+00:00
KEY,2026-07-20,23.58,23.73,23.23,23.32,14591200,2026-08-27 10:18:09.045614+00:00
KEY,2026-07-17,23.69,24.07,23.48,23.55,11328700,2026-08-27 10:18:09.045614+00:00
KEY,2026-07-16,23.54,24.040001,23.53,23.99,9770200,2026-08-27 10:18:09.045614+00:00
L,2026-08-26,111.0,111.84,111.0,111.44,2574,2026-08-27 10:18:09.045614+00:00
L,2026-08-25,111.61,111.64,110.52,110.81,579548,2026-08-27 10:18:09.045614+00:00
L,2026-08-24,110.17,112.080002,110.17,111.45,379300,2026-08-27 10:18:09.045614+00:00
L,2026-08-21,111.46,111.46,109.77,109.83,667500,2026-08-27 10:18:09.045614+00:00
L,2026-08-20,111.97,111.97,110.13,110.7,540300,2026-08-27 10:18:09.045614+00:00
L,2026-08-19,112.79,113.63,111.13,111.19,498100,2026-08-27 10:18:09.045614+00:00
L,2026-08-18,113.6,114.059998,112.45,112.45,605200,2026-08-27 10:18:09.045614+00:00
L,2026-08-17,112.6,114.11,112.34,112.38,798700,2026-08-27 10:18:09.045614+00:00
L,2026-08-14,112.46,113.29,112.16,113.029999,710700,2026-08-27 10:18:09.045614+00:00
L,2026-08-13,113.85,113.87,112.5,112.72,520200,2026-08-27 10:18:09.045614+00:00
L,2026-08-12,114.37,114.37,111.75,113.13,485300,2026-08-27 10:18:09.045614+00:00
L,2026-08-11,113.45,113.98,112.34,113.15,517400,2026-08-27 10:18:09.045614+00:00
L,2026-08-10,113.22,115.44,113.22,113.8,908600,2026-08-27 10:18:09.045614+00:00
L,2026-08-07,115.21,115.76,114.24,115.53,453000,2026-08-27 10:18:09.045614+00:00
L,2026-08-06,116.8,116.9,114.96,115.98,789400,2026-08-27 10:18:09.045614+00:00
L,2026-08-05,117.010002,117.010002,114.29,115.74,668100,2026-08-27 10:18:09.045614+00:00
L,2026-08-04,115.5,116.25,114.0,115.98,615900,2026-08-27 10:18:09.045614+00:00
L,2026-08-03,116.16,117.66,115.35,116.25,794600,2026-08-27 10:18:09.045614+00:00
L,2026-07-31,115.68,117.21,115.010002,116.010002,840000,2026-08-27 10:18:09.045614+00:00
L,2026-07-30,117.64,118.33,115.53,116.37,755300,2026-08-27 10:18:09.045614+00:00
L,2026-07-29,120.18,120.18,118.45,118.94,1243700,2026-08-27 10:18:09.045614+00:00
L,2026-07-28,119.36,121.010002,118.73,119.4,864100,2026-08-27 10:18:09.045614+00:00
L,2026-07-27,119.019997,119.019997,117.2,118.54,734400,2026-08-27 10:18:09.045614+00:00
L,2026-07-24,114.46,118.26,114.46,117.9,641200,2026-08-27 10:18:09.045614+00:00
L,2026-07-23,115.07,115.69,113.6,115.63,445200,2026-08-27 10:18:09.045614+00:00
L,2026-07-22,113.31,115.010002,113.31,114.7,772400,2026-08-27 10:18:09.045614+00:00
L,2026-07-21,114.43,114.83,113.66,114.59,666900,2026-08-27 10:18:09.045614+00:00
L,2026-07-20,114.42,115.27,114.37,114.59,816000,2026-08-27 10:18:09.045614+00:00
L,2026-07-17,115.62,116.97,114.17,114.45,902200,2026-08-27 10:18:09.045614+00:00
L,2026-07-16,112.79,114.37,112.79,113.89,769500,2026-08-27 10:18:09.045614+00:00
SPGI,2026-08-26,430.17,438.97,430.17,434.74,34954,2026-08-27 10:18:09.045614+00:00
SPGI,2026-08-25,428.48001,434.41,423.89999,432.98999,1282688,2026-08-27 10:18:09.045614+00:00
SPGI,2026-08-24,431.95001,439.019989,431.5,435.42001,1910400,2026-08-27 10:18:09.045614+00:00
SPGI,2026-08-21,433.41,435.26001,428.45001,431.29001,1827300,2026-08-27 10:18:09.045614+00:00
SPGI,2026-08-20,426.0,433.82999,425.67001,432.16,2288100,2026-08-27 10:18:09.045614+00:00
SPGI,2026-08-19,418.97,433.54999,418.95999,426.66,1519000,2026-08-27 10:18:09.045614+00:00
SPGI,2026-08-18,414.34,422.97,412.029999,418.040009,1973600,2026-08-27 10:18:09.045614+00:00
SPGI,2026-08-17,416.089996,419.76001,409.85001,410.53,1534200,2026-08-27 10:18:09.045614+00:00
SPGI,2026-08-14,422.01001,423.22,414.22,418.79999,1736900,2026-08-27 10:18:09.045614+00:00
SPGI,2026-08-13,414.0,424.34,411.10999,422.67001,2241900,2026-08-27 10:18:09.045614+00:00
SPGI,2026-08-12,407.17001,411.25,404.47,410.10001,1541000,2026-08-27 10:18:09.045614+00:00
SPGI,2026-08-11,410.73999,412.45999,407.62,408.69,1379900,2026-08-27 10:18:09.045614+00:00
SPGI,2026-08-10,406.89999,412.70999,405.26001,410.94,1734400,2026-08-27 10:18:09.045614+00:00
SPGI,2026-08-07,405.0,413.20001,404.20001,408.19,1579200,2026-08-27 10:18:09.045614+00:00
SPGI,2026-08-06,408.10999,411.32001,403.45001,405.23999,1633100,2026-08-27 10:18:09.045614+00:00
SPGI,2026-08-05,418.64001,421.17999,408.60999,410.029999,1652400,2026-08-27 10:18:09.045614+00:00
SPGI,2026-08-04,411.92999,418.81,411.85001,412.53,3331800,2026-08-27 10:18:09.045614+00:00
SPGI,2026-08-03,415.23001,421.98999,409.64999,416.25,1957600,2026-08-27 10:18:09.045614+00:00
SPGI,2026-07-31,415.73999,417.29001,409.39001,411.92999,2172700,2026-08-27 10:18:09.045614+00:00
SPGI,2026-07-30,415.34,418.95001,404.54001,415.0,3576200,2026-08-27 10:18:09.045614+00:00
SPGI,2026-07-29,420.91,424.29999,414.98001,419.64001,2961700,2026-08-27 10:18:09.045614+00:00
SPGI,2026-07-28,418.72,435.95999,406.0,424.35999,4219000,2026-08-27 10:18:09.045614+00:00
SPGI,2026-07-27,433.0,442.98999,431.79999,439.82999,2629700,2026-08-27 10:18:09.045614+00:00
SPGI,2026-07-24,424.51001,427.67001,420.01001,426.39999,1514100,2026-08-27 10:18:09.045614+00:00
SPGI,2026-07-23,424.69,425.48001,418.69,420.0,1646400,2026-08-27 10:18:09.045614+00:00
SPGI,2026-07-22,435.59,435.72,428.54999,429.059998,1181500,2026-08-27 10:18:09.045614+00:00
SPGI,2026-07-21,433.54001,441.23001,427.63,431.26001,1629100,2026-08-27 10:18:09.045614+00:00
SPGI,2026-07-20,452.94,453.070007,442.81,448.35001,1292200,2026-08-27 10:18:09.045614+00:00
SPGI,2026-07-17,456.25,462.019989,448.48999,450.84,1755000,2026-08-27 10:18:09.045614+00:00
SPGI,2026-07-16,447.59,457.54999,444.60001,457.38,1678800,2026-08-27 10:18:09.045614+00:00
MS,2026-08-26,216.54,216.75,212.03,213.47,157146,2026-08-27 10:18:09.045614+00:00
MS,2026-08-25,214.86,217.33,213.36501,216.77,3268919,2026-08-27 10:18:09.045614+00:00
MS,2026-08-24,214.44,216.3,213.22,214.080002,3444100,2026-08-27 10:18:09.045614+00:00
MS,2026-08-21,210.080002,214.57001,209.13,214.2,4573000,2026-08-27 10:18:09.045614+00:00
MS,2026-08-20,214.28999,215.070007,207.32001,207.45,4875200,2026-08-27 10:18:09.045614+00:00
MS,2026-08-19,218.78,218.78,213.56,214.23,4910200,2026-08-27 10:18:09.045614+00:00
MS,2026-08-18,217.059998,217.7,215.19,217.55,2777900,2026-08-27 10:18:09.045614+00:00
MS,2026-08-17,217.36,220.53,217.36,218.21001,3397500,2026-08-27 10:18:09.045614+00:00
MS,2026-08-14,217.8,218.72,215.3,217.36,3405800,2026-08-27 10:18:09.045614+00:00
MS,2026-08-13,219.3,222.0,217.88,218.38,3611200,2026-08-27 10:18:09.045614+00:00
MS,2026-08-12,218.49001,220.5,216.98,217.64,3742600,2026-08-27 10:18:09.045614+00:00
MS,2026-08-11,216.32001,217.21001,213.52,215.070007,3785000,2026-08-27 10:18:09.045614+00:00
MS,2026-08-10,216.33,217.62,214.38,215.33,3837600,2026-08-27 10:18:09.045614+00:00
MS,2026-08-07,213.74001,216.47,211.81,216.33,5225800,2026-08-27 10:18:09.045614+00:00
MS,2026-08-06,219.0099945,219.78,213.53999,213.75,3588000,2026-08-27 10:18:09.045614+00:00
MS,2026-08-05,218.14,220.12,217.12,218.27,4344100,2026-08-27 10:18:09.045614+00:00
MS,2026-08-04,213.67,218.75999,211.50999,217.039993,8932800,2026-08-27 10:18:09.045614+00:00
MS,2026-08-03,211.46001,211.69,208.0099945,211.23,4982600,2026-08-27 10:18:09.045614+00:00
MS,2026-07-31,210.7,213.46001,208.69,210.42,4723000,2026-08-27 10:18:09.045614+00:00
MS,2026-07-30,207.5,211.14999,205.3,210.059998,6832900,2026-08-27 10:18:09.045614+00:00
MS,2026-07-29,212.089996,212.35001,202.94,203.13,6722300,2026-08-27 10:18:09.045614+00:00
MS,2026-07-28,213.75,213.75,207.28999,211.58,6021000,2026-08-27 10:18:09.045614+00:00
MS,2026-07-27,218.020004,219.39999,210.89,214.56,4958100,2026-08-27 10:18:09.045614+00:00
MS,2026-07-24,216.39999,216.39999,211.21001,214.48,4091300,2026-08-27 10:18:09.045614+00:00
MS,2026-07-23,214.89,217.25999,213.72,215.17999,4962100,2026-08-27 10:18:09.045614+00:00
MS,2026-07-22,215.52,219.63,215.52,218.5,3683200,2026-08-27 10:18:09.045614+00:00
MS,2026-07-21,213.66,217.39999,212.25,216.39999,6999500,2026-08-27 10:18:09.045614+00:00
MS,2026-07-20,215.52,219.74001,210.35001,210.94,6816500,2026-08-27 10:18:09.045614+00:00
MS,2026-07-17,214.39999,218.38,207.39999,215.5,7852200,2026-08-27 10:18:09.045614+00:00
MS,2026-07-16,228.23,228.23,215.78999,218.37,8313700,2026-08-27 10:18:09.045614+00:00
MA,2026-08-26,599.315,600.38,594.88,598.04,66901,2026-08-27 10:18:09.045614+00:00
MA,2026-08-25,596.87,601.17999,595.34998,599.37,3370184,2026-08-27 10:18:09.045614+00:00
MA,2026-08-24,585.0,599.98999,584.21997,599.85999,3122300,2026-08-27 10:18:09.045614+00:00
MA,2026-08-21,574.54999,582.28003,573.039978,580.63,2200300,2026-08-27 10:18:09.045614+00:00
MA,2026-08-20,572.070007,579.60999,571.79999,573.84998,2612700,2026-08-27 10:18:09.045614+00:00
MA,2026-08-19,571.5,582.92999,570.33002,573.71997,3053200,2026-08-27 10:18:09.045614+00:00
MA,2026-08-18,563.87,578.5,563.17999,574.31,3907600,2026-08-27 10:18:09.045614+00:00
MA,2026-08-17,565.23999,569.27002,561.26001,562.26001,3019000,2026-08-27 10:18:09.045614+00:00
MA,2026-08-14,567.95001,570.66998,564.44,569.28998,2473300,2026-08-27 10:18:09.045614+00:00
MA,2026-08-13,565.60999,568.28003,557.70001,567.039978,1982600,2026-08-27 10:18:09.045614+00:00
MA,2026-08-12,557.56,563.54999,556.059998,559.72998,3095200,2026-08-27 10:18:09.045614+00:00
MA,2026-08-11,562.71002,567.63,560.0,561.44,2465000,2026-08-27 10:18:09.045614+00:00
MA,2026-08-10,561.10999,566.77002,559.35999,563.16998,2644100,2026-08-27 10:18:09.045614+00:00
MA,2026-08-07,572.57001,572.98999,561.62,562.95001,3018500,2026-08-27 10:18:09.045614+00:00
MA,2026-08-06,573.21002,576.35999,566.37,575.95001,3017000,2026-08-27 10:18:09.045614+00:00
MA,2026-08-05,575.73999,578.26001,568.59998,570.47998,2431700,2026-08-27 10:18:09.045614+00:00
MA,2026-08-04,566.98999,573.34998,564.0,571.099976,3207100,2026-08-27 10:18:09.045614+00:00
MA,2026-08-03,580.0,583.71002,570.78003,570.96997,3508300,2026-08-27 10:18:09.045614+00:00
MA,2026-07-31,567.67999,575.41998,563.41998,573.099976,4577700,2026-08-27 10:18:09.045614+00:00
MA,2026-07-30,577.35999,582.62,567.63,577.34998,5302500,2026-08-27 10:18:09.045614+00:00
MA,2026-07-29,555.059998,569.98999,554.91998,563.32001,3524200,2026-08-27 10:18:09.045614+00:00
MA,2026-07-28,561.030029,564.60999,557.42999,562.75,3126100,2026-08-27 10:18:09.045614+00:00
MA,2026-07-27,543.17999,553.89001,542.02002,551.71002,2365000,2026-08-27 10:18:09.045614+00:00
MA,2026-07-24,531.46002,540.0,529.69,539.65997,2551600,2026-08-27 10:18:09.045614+00:00
MA,2026-07-23,527.97998,530.88,523.60999,530.28998,2071700,2026-08-27 10:18:09.045614+00:00
MA,2026-07-22,538.94,540.0,530.72998,531.97998,2313200,2026-08-27 10:18:09.045614+00:00
MA,2026-07-21,543.76001,544.34003,536.84998,538.29999,2935700,2026-08-27 10:18:09.045614+00:00
MA,2026-07-20,540.0,547.90997,538.01001,547.44,2572500,2026-08-27 10:18:09.045614+00:00
MA,2026-07-17,550.5,551.71997,540.22998,543.59998,3221600,2026-08-27 10:18:09.045614+00:00
MA,2026-07-16,541.5,551.67999,539.69,551.53998,2925400,2026-08-27 10:18:09.045614+00:00
ERIE,2026-08-26,259.69,261.81,253.67,255.06,4593,2026-08-27 10:18:09.045614+00:00
ERIE,2026-08-25,266.53,268.89001,257.67999,257.98001,217792,2026-08-27 10:18:09.045614+00:00
ERIE,2026-08-24,265.35999,271.47,265.35001,268.64001,242900,2026-08-27 10:18:09.045614+00:00
ERIE,2026-08-21,262.32999,266.94,260.17001,264.85001,341500,2026-08-27 10:18:09.045614+00:00
ERIE,2026-08-20,267.23001,268.67999,261.67001,262.29001,195700,2026-08-27 10:18:09.045614+00:00
ERIE,2026-08-19,257.040009,270.47,257.040009,267.38,187600,2026-08-27 10:18:09.045614+00:00
ERIE,2026-08-18,251.59,260.39999,250.64999,256.95001,167100,2026-08-27 10:18:09.045614+00:00
ERIE,2026-08-17,253.49001,256.67999,246.99001,247.75,232200,2026-08-27 10:18:09.045614+00:00
ERIE,2026-08-14,255.78,257.78,253.39,255.99001,148800,2026-08-27 10:18:09.045614+00:00
ERIE,2026-08-13,259.5,261.35999,250.77,255.83,355100,2026-08-27 10:18:09.045614+00:00
ERIE,2026-08-12,253.71001,259.39001,250.89999,258.17001,228000,2026-08-27 10:18:09.045614+00:00
ERIE,2026-08-11,250.47,258.35001,250.47,256.64001,305000,2026-08-27 10:18:09.045614+00:00
ERIE,2026-08-10,249.31,252.89,247.45,252.35001,194800,2026-08-27 10:18:09.045614+00:00
ERIE,2026-08-07,251.66,258.42001,250.55,252.58,239700,2026-08-27 10:18:09.045614+00:00
ERIE,2026-08-06,253.37,255.14,248.44,254.059998,169400,2026-08-27 10:18:09.045614+00:00
ERIE,2026-08-05,246.67,250.92999,240.21001,250.78999,299100,2026-08-27 10:18:09.045614+00:00
ERIE,2026-08-04,232.92999,244.7,230.25,244.53,259300,2026-08-27 10:18:09.045614+00:00
ERIE,2026-08-03,246.25999,254.58,236.55,236.86,331800,2026-08-27 10:18:09.045614+00:00
ERIE,2026-07-31,240.53999,247.12,232.36,242.039993,635000,2026-08-27 10:18:09.045614+00:00
ERIE,2026-07-30,240.46001,243.10001,230.0,233.67,334900,2026-08-27 10:18:09.045614+00:00
ERIE,2026-07-29,240.35001,248.55,235.64999,248.55,311300,2026-08-27 10:18:09.045614+00:00
ERIE,2026-07-28,233.82001,245.67999,233.82001,242.42999,338000,2026-08-27 10:18:09.045614+00:00
ERIE,2026-07-27,224.13,231.56,224.059998,228.25999,195800,2026-08-27 10:18:09.045614+00:00
ERIE,2026-07-24,217.029999,223.55,216.53,223.55,198200,2026-08-27 10:18:09.045614+00:00
ERIE,2026-07-23,210.67999,214.85001,209.38,214.52,213600,2026-08-27 10:18:09.045614+00:00
ERIE,2026-07-22,216.13,216.13,209.67999,210.86,248200,2026-08-27 10:18:09.045614+00:00
ERIE,2026-07-21,220.72,224.45,215.21001,215.82001,253800,2026-08-27 10:18:09.045614+00:00
ERIE,2026-07-20,226.46001,228.35001,221.39,225.0099945,216900,2026-08-27 10:18:09.045614+00:00
ERIE,2026-07-17,227.77,235.0,225.8,227.31,386900,2026-08-27 10:18:09.045614+00:00
ERIE,2026-07-16,214.38,232.0,214.0,225.94,551400,2026-08-27 10:18:09.045614+00:00
ABT,2026-08-26,115.38,116.715,114.62,115.025,241257,2026-08-27 10:18:09.045614+00:00
ABT,2026-08-25,115.83,116.61,115.035004,116.13,7503079,2026-08-27 10:18:09.045614+00:00
ABT,2026-08-24,116.28,117.34,115.82,116.67,5916600,2026-08-27 10:18:09.045614+00:00
ABT,2026-08-21,114.019997,116.66,113.45,116.64,9931500,2026-08-27 10:18:09.045614+00:00
ABT,2026-08-20,114.0,115.23,113.99,114.14,5784800,2026-08-27 10:18:09.045614+00:00
ABT,2026-08-19,113.23,115.67,112.91,114.43,7403300,2026-08-27 10:18:09.045614+00:00
ABT,2026-08-18,112.45,113.63,111.75,112.68,9781600,2026-08-27 10:18:09.045614+00:00
ABT,2026-08-17,110.040001,111.41,109.35,110.37,11462000,2026-08-27 10:18:09.045614+00:00
ABT,2026-08-14,111.49,111.97,110.79,111.25,5575400,2026-08-27 10:18:09.045614+00:00
ABT,2026-08-13,112.47,112.47,110.46,111.27,5523400,2026-08-27 10:18:09.045614+00:00
ABT,2026-08-12,108.050003,111.28,107.5,110.91,6613700,2026-08-27 10:18:09.045614+00:00
ABT,2026-08-11,108.62,110.19,107.92,109.72,6744400,2026-08-27 10:18:09.045614+00:00
ABT,2026-08-10,107.41,109.089996,107.36,108.62,5603200,2026-08-27 10:18:09.045614+00:00
ABT,2026-08-07,107.029999,107.97,106.010002,107.81,6606600,2026-08-27 10:18:09.045614+00:00
ABT,2026-08-06,107.19,107.99,105.56,107.96,9801200,2026-08-27 10:18:09.045614+00:00
ABT,2026-08-05,106.71,106.76,104.2,105.71,9313000,2026-08-27 10:18:09.045614+00:00
ABT,2026-08-04,105.77,106.19,104.92,105.46,8157100,2026-08-27 10:18:09.045614+00:00
ABT,2026-08-03,107.85,109.33,106.43,107.12,7409600,2026-08-27 10:18:09.045614+00:00
ABT,2026-07-31,104.46,106.39,102.89,105.7,9610100,2026-08-27 10:18:09.045614+00:00
ABT,2026-07-30,106.010002,106.81,104.48,105.61,8149900,2026-08-27 10:18:09.045614+00:00
ABT,2026-07-29,106.97,110.040001,106.97,108.0,12157300,2026-08-27 10:18:09.045614+00:00
ABT,2026-07-28,106.089996,109.26,105.97,107.27,12665500,2026-08-27 10:18:09.045614+00:00
ABT,2026-07-27,104.089996,105.86,103.38,104.49,11619300,2026-08-27 10:18:09.045614+00:00
ABT,2026-07-24,101.5,104.18,101.5,103.059998,10366700,2026-08-27 10:18:09.045614+00:00
ABT,2026-07-23,101.23,101.9,100.07,100.75,9959500,2026-08-27 10:18:09.045614+00:00
ABT,2026-07-22,100.45,101.040001,99.84,100.57,10257500,2026-08-27 10:18:09.045614+00:00
ABT,2026-07-21,100.52,101.83,99.34,99.67,11656500,2026-08-27 10:18:09.045614+00:00
ABT,2026-07-20,100.7,102.46,100.029999,101.66,14390600,2026-08-27 10:18:09.045614+00:00
ABT,2026-07-17,101.0,102.13,99.47,100.68,19913800,2026-08-27 10:18:09.045614+00:00
ABT,2026-07-16,95.29,101.87,94.99,98.83,32755800,2026-08-27 10:18:09.045614+00:00
BAX,2026-08-26,26.245,26.735,26.09,26.66,252747,2026-08-27 10:18:09.045614+00:00
BAX,2026-08-25,26.43,26.5,26.01,26.29,3792455,2026-08-27 10:18:09.045614+00:00
BAX,2026-08-24,26.37,26.61,26.07,26.49,4426600,2026-08-27 10:18:09.045614+00:00
BAX,2026-08-21,26.51,26.67,26.09,26.34,4360800,2026-08-27 10:18:09.045614+00:00
BAX,2026-08-20,25.9,26.78,25.9,26.41,3527900,2026-08-27 10:18:09.045614+00:00
BAX,2026-08-19,26.040001,26.75,25.87,26.64,5054000,2026-08-27 10:18:09.045614+00:00
BAX,2026-08-18,26.08,26.34,25.75,25.94,6688500,2026-08-27 10:18:09.045614+00:00
BAX,2026-08-17,26.47,26.47,25.87,25.91,5851200,2026-08-27 10:18:09.045614+00:00
BAX,2026-08-14,27.01,27.16,26.6,26.73,4957300,2026-08-27 10:18:09.045614+00:00
BAX,2026-08-13,27.02,27.45,26.9,27.049999,6711300,2026-08-27 10:18:09.045614+00:00
BAX,2026-08-12,27.2,27.4,26.64,26.95,6881500,2026-08-27 10:18:09.045614+00:00
BAX,2026-08-11,27.55,28.02,27.38,27.61,7577200,2026-08-27 10:18:09.045614+00:00
BAX,2026-08-10,27.12,27.97,26.78,27.78,8306800,2026-08-27 10:18:09.045614+00:00
BAX,2026-08-07,26.93,27.88,26.56,27.55,8162700,2026-08-27 10:18:09.045614+00:00
BAX,2026-08-06,27.41,27.95,26.82,27.01,6944500,2026-08-27 10:18:09.045614+00:00
BAX,2026-08-05,28.2,28.21,27.09,27.33,9302500,2026-08-27 10:18:09.045614+00:00
BAX,2026-08-04,27.74,28.38,27.48,28.35,10209100,2026-08-27 10:18:09.045614+00:00
BAX,2026-08-03,26.98,28.3,26.9,28.1,10447100,2026-08-27 10:18:09.045614+00:00
BAX,2026-07-31,26.92,27.15,26.030001,26.16,9283200,2026-08-27 10:18:09.045614+00:00
BAX,2026-07-30,29.07,30.0,26.049999,26.75,22670900,2026-08-27 10:18:09.045614+00:00
BAX,2026-07-29,24.4,24.93,24.28,24.77,9433100,2026-08-27 10:18:09.045614+00:00
BAX,2026-07-28,23.85,24.75,23.58,24.37,7102200,2026-08-27 10:18:09.045614+00:00
BAX,2026-07-27,22.68,23.4,22.6,23.34,5445200,2026-08-27 10:18:09.045614+00:00
BAX,2026-07-24,21.95,22.65,21.9,22.4,4982900,2026-08-27 10:18:09.045614+00:00
BAX,2026-07-23,21.56,21.78,21.4,21.67,4516800,2026-08-27 10:18:09.045614+00:00
BAX,2026-07-22,22.53,22.56,21.7,21.74,4511200,2026-08-27 10:18:09.045614+00:00
BAX,2026-07-21,21.86,22.24,21.84,22.21,3962000,2026-08-27 10:18:09.045614+00:00
BAX,2026-07-20,22.46,22.52,21.94,22.07,4980300,2026-08-27 10:18:09.045614+00:00
BAX,2026-07-17,23.16,23.71,22.59,22.61,6546600,2026-08-27 10:18:09.045614+00:00
BAX,2026-07-16,22.5,23.38,22.18,23.35,6942200,2026-08-27 10:18:09.045614+00:00
LH,2026-08-26,335.93,339.36,335.37,335.89,11643,2026-08-27 10:18:09.045614+00:00
LH,2026-08-25,338.57999,339.76001,333.53,337.67999,697397,2026-08-27 10:18:09.045614+00:00
LH,2026-08-24,335.98999,339.76001,334.39999,339.34,466300,2026-08-27 10:18:09.045614+00:00
LH,2026-08-21,332.67999,336.89999,330.89999,336.34,792700,2026-08-27 10:18:09.045614+00:00
LH,2026-08-20,326.76001,338.19,326.73999,332.81,731800,2026-08-27 10:18:09.045614+00:00
LH,2026-08-19,324.48999,331.20001,323.41,330.44,518200,2026-08-27 10:18:09.045614+00:00
LH,2026-08-18,326.070007,329.47,322.17999,322.17999,588900,2026-08-27 10:18:09.045614+00:00
LH,2026-08-17,318.019989,326.89999,316.56,323.34,786500,2026-08-27 10:18:09.045614+00:00
LH,2026-08-14,317.35001,322.98999,317.059998,318.13,436300,2026-08-27 10:18:09.045614+00:00
LH,2026-08-13,325.0,325.57999,321.28,322.59,352500,2026-08-27 10:18:09.045614+00:00
LH,2026-08-12,316.13,323.63,315.32999,323.48001,366000,2026-08-27 10:18:09.045614+00:00
LH,2026-08-11,320.37,323.97,319.01001,322.42001,512600,2026-08-27 10:18:09.045614+00:00
LH,2026-08-10,318.26999,321.45999,316.70001,321.31,538500,2026-08-27 10:18:09.045614+00:00
LH,2026-08-07,316.39999,319.94,313.32001,319.17001,429300,2026-08-27 10:18:09.045614+00:00
LH,2026-08-06,316.82999,317.10001,312.29999,316.53,440100,2026-08-27 10:18:09.045614+00:00
LH,2026-08-05,313.41,315.44,310.91,313.95999,502500,2026-08-27 10:18:09.045614+00:00
LH,2026-08-04,306.79001,312.95999,300.57999,312.34,748500,2026-08-27 10:18:09.045614+00:00
LH,2026-08-03,310.029999,312.98999,307.040009,307.42001,727000,2026-08-27 10:18:09.045614+00:00
LH,2026-07-31,312.35001,314.82999,305.059998,309.20001,1091100,2026-08-27 10:18:09.045614+00:00
LH,2026-07-30,298.0,316.10999,294.34,315.53,1398600,2026-08-27 10:18:09.045614+00:00
LH,2026-07-29,311.85999,314.76001,306.10001,307.14999,1193200,2026-08-27 10:18:09.045614+00:00
LH,2026-07-28,305.0,315.76999,304.73001,314.23001,1136200,2026-08-27 10:18:09.045614+00:00
LH,2026-07-27,295.87,301.79001,295.48001,301.17001,655400,2026-08-27 10:18:09.045614+00:00
LH,2026-07-24,292.12,298.57999,290.22,296.76999,916300,2026-08-27 10:18:09.045614+00:00
LH,2026-07-23,290.29999,298.45999,286.5,291.019989,1506100,2026-08-27 10:18:09.045614+00:00
LH,2026-07-22,280.26999,282.10001,277.60999,281.45999,855000,2026-08-27 10:18:09.045614+00:00
LH,2026-07-21,279.60001,281.67999,277.040009,279.39999,793900,2026-08-27 10:18:09.045614+00:00
LH,2026-07-20,281.26999,284.48999,278.42001,281.48001,777600,2026-08-27 10:18:09.045614+00:00
LH,2026-07-17,282.45999,290.64999,279.029999,283.35999,631900,2026-08-27 10:18:09.045614+00:00
LH,2026-07-16,268.73999,282.35001,268.44,281.94,554800,2026-08-27 10:18:09.045614+00:00
CNC,2026-08-26,65.18,67.655,65.18,65.92,87943,2026-08-27 10:18:09.045614+00:00
CNC,2026-08-25,65.95,65.95,64.61,65.0,4343903,2026-08-27 10:18:09.045614+00:00
CNC,2026-08-24,64.79,66.099998,64.52,65.65,3490900,2026-08-27 10:18:09.045614+00:00
CNC,2026-08-21,64.07,65.16,64.029999,65.019997,3151600,2026-08-27 10:18:09.045614+00:00
CNC,2026-08-20,63.73,64.87,63.47,64.14,3267700,2026-08-27 10:18:09.045614+00:00
CNC,2026-08-19,65.55,65.7,64.26,64.7,2879900,2026-08-27 10:18:09.045614+00:00
CNC,2026-08-18,64.89,65.94,64.72,65.22,3410500,2026-08-27 10:18:09.045614+00:00
CNC,2026-08-17,66.7,66.7,64.3,64.41,3555500,2026-08-27 10:18:09.045614+00:00
CNC,2026-08-14,66.17,67.62,65.85,67.47,2267800,2026-08-27 10:18:09.045614+00:00
CNC,2026-08-13,67.76,67.84,65.72,66.040001,3538500,2026-08-27 10:18:09.045614+00:00
CNC,2026-08-12,64.49,67.43,64.12,67.07,3241200,2026-08-27 10:18:09.045614+00:00
CNC,2026-08-11,67.72,67.86,64.74,64.88,2441300,2026-08-27 10:18:09.045614+00:00
CNC,2026-08-10,66.32,67.67,65.92,66.57,3719800,2026-08-27 10:18:09.045614+00:00
CNC,2026-08-07,64.07,66.52,63.95,65.77,3526500,2026-08-27 10:18:09.045614+00:00
CNC,2026-08-06,67.25,67.3,63.21,64.2,5471400,2026-08-27 10:18:09.045614+00:00
CNC,2026-08-05,64.21,68.38,63.8,66.99,7034100,2026-08-27 10:18:09.045614+00:00
CNC,2026-08-04,64.3,64.76,63.48,64.07,6025600,2026-08-27 10:18:09.045614+00:00
CNC,2026-08-03,61.84,63.79,61.22,63.76,6866300,2026-08-27 10:18:09.045614+00:00
CNC,2026-07-31,61.049999,62.55,60.49,62.22,3913500,2026-08-27 10:18:09.045614+00:00
CNC,2026-07-30,61.4,62.040001,59.83,60.84,7344100,2026-08-27 10:18:09.045614+00:00
CNC,2026-07-29,64.4,64.95,61.44,61.82,8354200,2026-08-27 10:18:09.045614+00:00
CNC,2026-07-28,59.51,64.92,56.67,63.91,12245500,2026-08-27 10:18:09.045614+00:00
CNC,2026-07-27,63.83,64.76,62.53,64.080002,6875800,2026-08-27 10:18:09.045614+00:00
CNC,2026-07-24,64.19,64.6,62.97,63.41,2809100,2026-08-27 10:18:09.045614+00:00
CNC,2026-07-23,63.95,64.9,62.86,63.74,4751600,2026-08-27 10:18:09.045614+00:00
CNC,2026-07-22,67.24,67.57,65.56,65.89,4506900,2026-08-27 10:18:09.045614+00:00
CNC,2026-07-21,65.45,67.64,65.11,67.59,3339900,2026-08-27 10:18:09.045614+00:00
CNC,2026-07-20,66.65,67.0,65.83,65.84,3111500,2026-08-27 10:18:09.045614+00:00
CNC,2026-07-17,64.13,66.5,63.39,66.44,4781400,2026-08-27 10:18:09.045614+00:00
CNC,2026-07-16,67.84,68.0,63.77,63.89,5242100,2026-08-27 10:18:09.045614+00:00
RVTY,2026-08-26,123.5,126.29,123.5,126.22,42021,2026-08-27 10:18:09.045614+00:00
RVTY,2026-08-25,123.69,124.94,122.455,124.84,1035638,2026-08-27 10:18:09.045614+00:00
RVTY,2026-08-24,123.49,124.89,121.38,123.0,1505400,2026-08-27 10:18:09.045614+00:00
RVTY,2026-08-21,124.48,124.97,121.51,124.75,2289700,2026-08-27 10:18:09.045614+00:00
RVTY,2026-08-20,118.26,124.49,116.96,124.13,2344500,2026-08-27 10:18:09.045614+00:00
RVTY,2026-08-19,116.019997,122.11,115.29,119.45,1717800,2026-08-27 10:18:09.045614+00:00
RVTY,2026-08-18,115.86,115.9,113.69,113.75,800000,2026-08-27 10:18:09.045614+00:00
RVTY,2026-08-17,115.97,117.25,115.97,116.17,786700,2026-08-27 10:18:09.045614+00:00
RVTY,2026-08-14,116.51,117.72,115.66,116.84,774500,2026-08-27 10:18:09.045614+00:00
RVTY,2026-08-13,118.25,118.34,115.67,117.5,1373200,2026-08-27 10:18:09.045614+00:00
RVTY,2026-08-12,115.21,117.94,114.64,117.88,1213800,2026-08-27 10:18:09.045614+00:00
RVTY,2026-08-11,115.83,116.84,115.099998,115.73,1287600,2026-08-27 10:18:09.045614+00:00
RVTY,2026-08-10,114.22,116.74,112.68,116.019997,1253800,2026-08-27 10:18:09.045614+00:00
RVTY,2026-08-07,114.98,115.51,113.74,114.66,1032400,2026-08-27 10:18:09.045614+00:00
RVTY,2026-08-06,114.24,115.0,112.24,114.24,1259800,2026-08-27 10:18:09.045614+00:00
RVTY,2026-08-05,112.45,115.84,110.81,115.019997,2149600,2026-08-27 10:18:09.045614+00:00
RVTY,2026-08-04,114.5,117.37,107.73,111.39,2587200,2026-08-27 10:18:09.045614+00:00
RVTY,2026-08-03,112.48,116.32,112.15,115.22,2589100,2026-08-27 10:18:09.045614+00:00
RVTY,2026-07-31,113.99,114.15,110.95,112.52,1206800,2026-08-27 10:18:09.045614+00:00
RVTY,2026-07-30,112.4,114.080002,111.16,113.54,2037000,2026-08-27 10:18:09.045614+00:00
RVTY,2026-07-29,112.13,114.47,109.99,113.37,2332900,2026-08-27 10:18:09.045614+00:00
RVTY,2026-07-28,109.26,112.5,108.75,111.51,1772600,2026-08-27 10:18:09.045614+00:00
RVTY,2026-07-27,110.84,111.25,107.48,108.07,1349100,2026-08-27 10:18:09.045614+00:00
RVTY,2026-07-24,113.14,113.81,110.25,110.47,1117800,2026-08-27 10:18:09.045614+00:00
RVTY,2026-07-23,113.2,116.0,110.91,113.17,1495300,2026-08-27 10:18:09.045614+00:00
RVTY,2026-07-22,109.94,111.23,108.96,110.54,1699200,2026-08-27 10:18:09.045614+00:00
RVTY,2026-07-21,103.79,112.3,102.37,110.52,1654200,2026-08-27 10:18:09.045614+00:00
RVTY,2026-07-20,109.48,109.78,106.21,106.44,1248500,2026-08-27 10:18:09.045614+00:00
RVTY,2026-07-17,110.59,111.76,108.94,110.15,1249000,2026-08-27 10:18:09.045614+00:00
RVTY,2026-07-16,110.71,111.83,109.94,111.7,1065500,2026-08-27 10:18:09.045614+00:00
VRTX,2026-08-26,551.66,552.97,546.79,550.24,19561,2026-08-27 10:18:09.045614+00:00
VRTX,2026-08-25,545.53003,555.69,543.75,552.84998,774669,2026-08-27 10:18:09.045614+00:00
VRTX,2026-08-24,548.97998,550.62,542.41998,547.59003,767400,2026-08-27 10:18:09.045614+00:00
VRTX,2026-08-21,545.099976,555.32001,540.70001,548.049988,1074900,2026-08-27 10:18:09.045614+00:00
VRTX,2026-08-20,543.78003,548.98999,538.27002,540.26001,1062300,2026-08-27 10:18:09.045614+00:00
VRTX,2026-08-19,537.46997,553.69,532.54999,552.059998,1437300,2026-08-27 10:18:09.045614+00:00
VRTX,2026-08-18,520.0,533.78003,517.34003,528.19,1497000,2026-08-27 10:18:09.045614+00:00
VRTX,2026-08-17,503.87,517.84003,502.53,515.54999,1111200,2026-08-27 10:18:09.045614+00:00
VRTX,2026-08-14,511.41,513.64001,502.29001,505.75,1130500,2026-08-27 10:18:09.045614+00:00
VRTX,2026-08-13,528.67999,529.0,515.73999,516.44,863500,2026-08-27 10:18:09.045614+00:00
VRTX,2026-08-12,527.0,531.21997,520.080017,525.72998,1047000,2026-08-27 10:18:09.045614+00:00
VRTX,2026-08-11,525.02002,532.22998,522.01001,529.65002,1065400,2026-08-27 10:18:09.045614+00:00
VRTX,2026-08-10,539.5,546.16998,519.82001,523.90997,2682200,2026-08-27 10:18:09.045614+00:00
VRTX,2026-08-07,487.10999,497.39999,482.10001,496.070007,992400,2026-08-27 10:18:09.045614+00:00
VRTX,2026-08-06,490.91,492.39999,480.85999,484.029999,1015000,2026-08-27 10:18:09.045614+00:00
VRTX,2026-08-05,487.51999,491.95001,479.019989,484.82999,1382900,2026-08-27 10:18:09.045614+00:00
VRTX,2026-08-04,471.29001,488.040009,465.51001,478.70999,2026400,2026-08-27 10:18:09.045614+00:00
VRTX,2026-08-03,480.0,483.35999,468.14001,470.72,1510500,2026-08-27 10:18:09.045614+00:00
VRTX,2026-07-31,480.67001,480.67001,469.87,477.10001,957700,2026-08-27 10:18:09.045614+00:00
VRTX,2026-07-30,474.10001,482.14999,470.54001,481.70001,1248600,2026-08-27 10:18:09.045614+00:00
VRTX,2026-07-29,492.67001,492.98999,481.91,483.32999,1451200,2026-08-27 10:18:09.045614+00:00
VRTX,2026-07-28,483.13,493.60999,482.85999,490.39001,1700000,2026-08-27 10:18:09.045614+00:00
VRTX,2026-07-27,479.26999,487.20999,477.98999,479.0,1631000,2026-08-27 10:18:09.045614+00:00
VRTX,2026-07-24,476.049988,484.0,472.57999,477.35999,1254000,2026-08-27 10:18:09.045614+00:00
VRTX,2026-07-23,467.089996,477.67999,465.0,473.089996,1306000,2026-08-27 10:18:09.045614+00:00
VRTX,2026-07-22,482.32001,483.66,471.57999,472.57001,1289000,2026-08-27 10:18:09.045614+00:00
VRTX,2026-07-21,478.56,484.98999,473.56,482.0,1107400,2026-08-27 10:18:09.045614+00:00
VRTX,2026-07-20,485.64999,491.23001,478.48001,480.5,1101600,2026-08-27 10:18:09.045614+00:00
VRTX,2026-07-17,483.51001,496.69,481.98001,485.64999,1568100,2026-08-27 10:18:09.045614+00:00
VRTX,2026-07-16,480.0,487.29999,476.25,486.029999,1370800,2026-08-27 10:18:09.045614+00:00
ZBH,2026-08-26,99.53,101.52,99.47,101.485,75313,2026-08-27 10:18:09.045614+00:00
ZBH,2026-08-25,100.14,100.87,99.28,100.24,1272252,2026-08-27 10:18:09.045614+00:00
ZBH,2026-08-24,101.32,102.12,100.69,100.98,1499800,2026-08-27 10:18:09.045614+00:00
ZBH,2026-08-21,98.67,101.15,98.67,100.98,1159800,2026-08-27 10:18:09.045614+00:00
ZBH,2026-08-20,100.010002,101.63,98.97,98.97,1333500,2026-08-27 10:18:09.045614+00:00
ZBH,2026-08-19,98.72,101.95,98.089996,100.74,1501800,2026-08-27 10:18:09.045614+00:00
ZBH,2026-08-18,99.58,100.38,98.27,99.15,1207200,2026-08-27 10:18:09.045614+00:00
ZBH,2026-08-17,99.78,100.15,97.87,98.2,1750500,2026-08-27 10:18:09.045614+00:00
ZBH,2026-08-14,99.59,101.16,98.97,100.65,2152700,2026-08-27 10:18:09.045614+00:00
ZBH,2026-08-13,98.42,100.059998,97.62,99.57,2619400,2026-08-27 10:18:09.045614+00:00
ZBH,2026-08-12,95.69,97.94,94.28,97.89,2733600,2026-08-27 10:18:09.045614+00:00
ZBH,2026-08-11,97.12,98.11,96.24,97.23,2727100,2026-08-27 10:18:09.045614+00:00
ZBH,2026-08-10,96.66,97.85,95.46,97.78,3278500,2026-08-27 10:18:09.045614+00:00
ZBH,2026-08-07,96.58,96.89,94.88,96.55,2186700,2026-08-27 10:18:09.045614+00:00
ZBH,2026-08-06,98.8,99.91,95.67,97.19,2998200,2026-08-27 10:18:09.045614+00:00
ZBH,2026-08-05,101.0,101.8,96.78,98.16,5480500,2026-08-27 10:18:09.045614+00:00
ZBH,2026-08-04,95.49,96.44,94.77,95.81,3547200,2026-08-27 10:18:09.045614+00:00
ZBH,2026-08-03,95.57,97.019997,95.47,96.98,2247000,2026-08-27 10:18:09.045614+00:00
ZBH,2026-07-31,93.040001,94.28,91.07,93.93,2772700,2026-08-27 10:18:09.045614+00:00
ZBH,2026-07-30,96.17,96.48,93.49,94.96,2178000,2026-08-27 10:18:09.045614+00:00
ZBH,2026-07-29,95.76,97.39,95.029999,97.15,3616100,2026-08-27 10:18:09.045614+00:00
ZBH,2026-07-28,94.89,97.6,94.059998,95.75,3737100,2026-08-27 10:18:09.045614+00:00
ZBH,2026-07-27,91.29,93.29,90.88,92.07,1568300,2026-08-27 10:18:09.045614+00:00
ZBH,2026-07-24,91.019997,92.38,90.43,91.35,1252100,2026-08-27 10:18:09.045614+00:00
ZBH,2026-07-23,88.59,90.27,88.25,89.65,1607300,2026-08-27 10:18:09.045614+00:00
ZBH,2026-07-22,89.84,89.92,87.87,88.68,1179100,2026-08-27 10:18:09.045614+00:00
ZBH,2026-07-21,89.27,90.0,88.25,88.92,1985700,2026-08-27 10:18:09.045614+00:00
ZBH,2026-07-20,91.31,91.55,88.76,89.72,2150800,2026-08-27 10:18:09.045614+00:00
ZBH,2026-07-17,93.44,93.71,90.94,91.12,2632400,2026-08-27 10:18:09.045614+00:00
ZBH,2026-07-16,91.49,94.080002,91.14,93.75,2867400,2026-08-27 10:18:09.045614+00:00
HCA,2026-08-26,429.855,433.5,424.56,428.67,45801,2026-08-27 10:18:09.045614+00:00
HCA,2026-08-25,426.97,430.53,425.89999,428.76001,790181,2026-08-27 10:18:09.045614+00:00
HCA,2026-08-24,433.25,436.5,427.23001,429.23999,1323600,2026-08-27 10:18:09.045614+00:00
HCA,2026-08-21,409.56,431.39999,408.94,429.19,2058000,2026-08-27 10:18:09.045614+00:00
HCA,2026-08-20,403.35001,411.14001,403.35001,406.26999,1063600,2026-08-27 10:18:09.045614+00:00
HCA,2026-08-19,411.079987,422.0,406.81,407.049988,1436600,2026-08-27 10:18:09.045614+00:00
HCA,2026-08-18,409.049988,417.98999,406.14999,411.73001,1450000,2026-08-27 10:18:09.045614+00:00
HCA,2026-08-17,401.0,407.32001,400.0,404.98001,1005600,2026-08-27 10:18:09.045614+00:00
HCA,2026-08-14,410.45999,412.69,403.78,404.67999,936700,2026-08-27 10:18:09.045614+00:00
HCA,2026-08-13,414.59,415.85001,405.26999,411.73999,1079800,2026-08-27 10:18:09.045614+00:00
HCA,2026-08-12,408.0,417.13,406.66,414.59,1172100,2026-08-27 10:18:09.045614+00:00
HCA,2026-08-11,412.37,419.32999,409.75,411.44,1122000,2026-08-27 10:18:09.045614+00:00
HCA,2026-08-10,410.029999,416.42999,407.85001,414.029999,1036300,2026-08-27 10:18:09.045614+00:00
HCA,2026-08-07,404.29999,414.47,401.57001,413.35999,1071800,2026-08-27 10:18:09.045614+00:00
HCA,2026-08-06,412.0,415.73001,405.32999,408.89001,986700,2026-08-27 10:18:09.045614+00:00
HCA,2026-08-05,401.38,411.45001,399.75,409.64001,1124700,2026-08-27 10:18:09.045614+00:00
HCA,2026-08-04,401.95001,403.92001,395.56,400.73001,1318800,2026-08-27 10:18:09.045614+00:00
HCA,2026-08-03,404.70999,415.62,402.28,406.60999,1176700,2026-08-27 10:18:09.045614+00:00
HCA,2026-07-31,395.5,404.51999,391.38,402.59,1255900,2026-08-27 10:18:09.045614+00:00
HCA,2026-07-30,402.64999,406.76001,394.73999,395.79001,1244300,2026-08-27 10:18:09.045614+00:00
HCA,2026-07-29,418.10999,421.31,405.76001,408.17999,1849800,2026-08-27 10:18:09.045614+00:00
HCA,2026-07-28,396.22,419.22,392.14001,418.19,2925400,2026-08-27 10:18:09.045614+00:00
HCA,2026-07-27,383.63,392.66,383.63,389.62,1979700,2026-08-27 10:18:09.045614+00:00
HCA,2026-07-24,381.53,399.0,376.48001,382.19,2703500,2026-08-27 10:18:09.045614+00:00
HCA,2026-07-23,370.089996,378.26001,370.0,376.5,1481600,2026-08-27 10:18:09.045614+00:00
HCA,2026-07-22,373.26001,377.0,371.35001,371.87,842300,2026-08-27 10:18:09.045614+00:00
HCA,2026-07-21,368.89999,374.17999,366.51001,373.089996,1364800,2026-08-27 10:18:09.045614+00:00
HCA,2026-07-20,373.44,376.78,368.0,370.42001,1498600,2026-08-27 10:18:09.045614+00:00
HCA,2026-07-17,384.67999,386.26999,371.12,371.17999,1544200,2026-08-27 10:18:09.045614+00:00
HCA,2026-07-16,379.0,391.45001,377.0,385.73999,1921700,2026-08-27 10:18:09.045614+00:00
STE,2026-08-26,233.855,237.265,233.855,236.36,14248,2026-08-27 10:18:09.045614+00:00
STE,2026-08-25,237.0,240.34,235.020004,236.44,891836,2026-08-27 10:18:09.045614+00:00
STE,2026-08-24,237.61,240.0,235.13,237.87,361000,2026-08-27 10:18:09.045614+00:00
STE,2026-08-21,235.47,238.59,235.47,237.92999,440100,2026-08-27 10:18:09.045614+00:00
STE,2026-08-20,235.75,238.78,235.11,235.74001,565400,2026-08-27 10:18:09.045614+00:00
STE,2026-08-19,233.86,238.74001,233.82001,236.91,706300,2026-08-27 10:18:09.045614+00:00
STE,2026-08-18,232.64999,234.3,230.86,232.39,657900,2026-08-27 10:18:09.045614+00:00
STE,2026-08-17,230.59,232.36,229.36,229.75,668300,2026-08-27 10:18:09.045614+00:00
STE,2026-08-14,236.53999,238.24001,232.42999,233.28,646700,2026-08-27 10:18:09.045614+00:00
STE,2026-08-13,237.27,237.63,234.14999,236.070007,566100,2026-08-27 10:18:09.045614+00:00
STE,2026-08-12,234.0,237.070007,233.0099945,236.60001,648300,2026-08-27 10:18:09.045614+00:00
STE,2026-08-11,238.7,241.39,237.13,238.23,651800,2026-08-27 10:18:09.045614+00:00
STE,2026-08-10,237.47,239.36,235.0,238.91,700900,2026-08-27 10:18:09.045614+00:00
STE,2026-08-07,229.39999,238.45,227.42,237.47,804000,2026-08-27 10:18:09.045614+00:00
STE,2026-08-06,214.53999,231.78,214.53999,231.78,1383800,2026-08-27 10:18:09.045614+00:00
STE,2026-08-05,233.94,233.94,227.99001,232.71001,923100,2026-08-27 10:18:09.045614+00:00
STE,2026-08-04,230.050003,233.5,229.039993,232.85001,910700,2026-08-27 10:18:09.045614+00:00
STE,2026-08-03,230.86,235.41,229.67999,232.64,776800,2026-08-27 10:18:09.045614+00:00
STE,2026-07-31,228.38,230.13,227.67,228.39999,828900,2026-08-27 10:18:09.045614+00:00
STE,2026-07-30,230.8,235.2,228.75999,231.21001,824800,2026-08-27 10:18:09.045614+00:00
STE,2026-07-29,230.020004,235.66,229.73,234.83,923000,2026-08-27 10:18:09.045614+00:00
STE,2026-07-28,222.45,230.64999,222.45,230.34,873300,2026-08-27 10:18:09.045614+00:00
STE,2026-07-27,215.77,220.14,215.77,218.39999,715500,2026-08-27 10:18:09.045614+00:00
STE,2026-07-24,212.85001,215.89999,211.78999,214.070007,511400,2026-08-27 10:18:09.045614+00:00
STE,2026-07-23,209.75999,213.37,209.57001,210.64,454400,2026-08-27 10:18:09.045614+00:00
STE,2026-07-22,212.61,212.61,209.67,210.57001,690600,2026-08-27 10:18:09.045614+00:00
STE,2026-07-21,211.0,213.029999,208.50999,211.75,582100,2026-08-27 10:18:09.045614+00:00
STE,2026-07-20,217.020004,217.59,214.42,214.47,743600,2026-08-27 10:18:09.045614+00:00
STE,2026-07-17,219.44,222.53999,216.97,217.84,622500,2026-08-27 10:18:09.045614+00:00
STE,2026-07-16,213.46001,221.5,213.46001,221.13,650500,2026-08-27 10:18:09.045614+00:00
COR,2026-08-26,326.565,330.99,326.545,328.27,24846,2026-08-27 10:18:09.045614+00:00
COR,2026-08-25,322.67999,328.5,321.42999,328.059998,1086395,2026-08-27 10:18:09.045614+00:00
COR,2026-08-24,317.76001,324.57999,317.64999,323.76999,760300,2026-08-27 10:18:09.045614+00:00
COR,2026-08-21,314.73999,320.20999,313.13,318.040009,905400,2026-08-27 10:18:09.045614+00:00
COR,2026-08-20,314.76999,318.23001,312.60999,314.69,1175800,2026-08-27 10:18:09.045614+00:00
COR,2026-08-19,314.029999,322.5,312.019989,317.10001,1175800,2026-08-27 10:18:09.045614+00:00
COR,2026-08-18,315.98999,320.0,313.92001,316.13,1032100,2026-08-27 10:18:09.045614+00:00
COR,2026-08-17,312.0,318.23001,311.42999,312.51999,992000,2026-08-27 10:18:09.045614+00:00
COR,2026-08-14,304.78,314.31,302.01001,313.82001,1524200,2026-08-27 10:18:09.045614+00:00
COR,2026-08-13,312.10001,315.29999,309.70999,310.01001,1542800,2026-08-27 10:18:09.045614+00:00
COR,2026-08-12,319.59,323.59,312.67001,314.17001,2611000,2026-08-27 10:18:09.045614+00:00
COR,2026-08-11,325.60001,333.95001,324.29999,333.87,1368400,2026-08-27 10:18:09.045614+00:00
COR,2026-08-10,321.070007,325.69,319.92001,325.0,1546400,2026-08-27 10:18:09.045614+00:00
COR,2026-08-07,324.0,328.98999,319.45999,320.45999,1560500,2026-08-27 10:18:09.045614+00:00
COR,2026-08-06,321.88,326.79001,312.28,325.01001,2934700,2026-08-27 10:18:09.045614+00:00
COR,2026-08-05,316.0,326.98999,311.0,317.22,2291400,2026-08-27 10:18:09.045614+00:00
COR,2026-08-04,305.95001,308.32999,301.23001,306.28,2454300,2026-08-27 10:18:09.045614+00:00
COR,2026-08-03,313.78,313.87,307.76001,308.37,1602900,2026-08-27 10:18:09.045614+00:00
COR,2026-07-31,314.54999,314.54999,308.0,311.34,1048000,2026-08-27 10:18:09.045614+00:00
COR,2026-07-30,310.54999,315.48001,310.54001,312.23001,932700,2026-08-27 10:18:09.045614+00:00
COR,2026-07-29,322.82001,322.95999,317.10999,318.60999,987400,2026-08-27 10:18:09.045614+00:00
COR,2026-07-28,314.66,320.57999,314.29999,319.57999,1237800,2026-08-27 10:18:09.045614+00:00
COR,2026-07-27,308.85001,313.89999,308.13,311.14999,1004600,2026-08-27 10:18:09.045614+00:00
COR,2026-07-24,306.89999,310.29999,304.25,309.89001,852400,2026-08-27 10:18:09.045614+00:00
COR,2026-07-23,302.73001,306.019989,298.42999,305.059998,1166300,2026-08-27 10:18:09.045614+00:00
COR,2026-07-22,306.51001,308.81,298.79001,300.57999,998300,2026-08-27 10:18:09.045614+00:00
COR,2026-07-21,300.51999,304.81,299.42999,303.070007,1324700,2026-08-27 10:18:09.045614+00:00
COR,2026-07-20,305.28,307.28,303.48999,303.98999,1230800,2026-08-27 10:18:09.045614+00:00
COR,2026-07-17,309.32999,313.89999,306.41,307.89999,2495900,2026-08-27 10:18:09.045614+00:00
COR,2026-07-16,300.040009,309.26999,298.73001,307.98999,1601900,2026-08-27 10:18:09.045614+00:00
FTV,2026-08-26,60.005,60.775,59.825,60.335,28119,2026-08-27 10:18:09.045614+00:00
FTV,2026-08-25,60.52,60.52,59.42,59.5,2169856,2026-08-27 10:18:09.045614+00:00
FTV,2026-08-24,60.29,60.68,60.15,60.46,1915100,2026-08-27 10:18:09.045614+00:00
FTV,2026-08-21,59.84,60.265,59.61,60.080002,1755400,2026-08-27 10:18:09.045614+00:00
FTV,2026-08-20,58.57,59.6,58.57,59.4,2344900,2026-08-27 10:18:09.045614+00:00
FTV,2026-08-19,59.59,60.345,58.87,58.9,1947400,2026-08-27 10:18:09.045614+00:00
FTV,2026-08-18,60.78,61.15,59.4,59.45,1882600,2026-08-27 10:18:09.045614+00:00
FTV,2026-08-17,61.32,61.6,60.5,60.64,1609700,2026-08-27 10:18:09.045614+00:00
FTV,2026-08-14,61.69,61.85,61.43,61.62,1717900,2026-08-27 10:18:09.045614+00:00
FTV,2026-08-13,61.89,61.925,60.88,61.81,1967700,2026-08-27 10:18:09.045614+00:00
FTV,2026-08-12,61.47,61.68,60.875,61.54,1397100,2026-08-27 10:18:09.045614+00:00
FTV,2026-08-11,61.69,62.625,61.63,61.68,1625600,2026-08-27 10:18:09.045614+00:00
FTV,2026-08-10,62.07,62.07,61.025002,61.75,2021100,2026-08-27 10:18:09.045614+00:00
FTV,2026-08-07,60.67,62.17,60.415,61.71,2503000,2026-08-27 10:18:09.045614+00:00
FTV,2026-08-06,61.5,61.95,60.8,60.87,2275100,2026-08-27 10:18:09.045614+00:00
FTV,2026-08-05,60.64,61.56,60.185,61.34,2572500,2026-08-27 10:18:09.045614+00:00
FTV,2026-08-04,59.64,60.7,59.22,60.51,3078300,2026-08-27 10:18:09.045614+00:00
FTV,2026-08-03,59.24,60.16,59.13,59.46,2937400,2026-08-27 10:18:09.045614+00:00
FTV,2026-07-31,58.16,59.41,57.61,59.21,3560300,2026-08-27 10:18:09.045614+00:00
FTV,2026-07-30,59.96,60.049999,57.48,58.48,4602200,2026-08-27 10:18:09.045614+00:00
FTV,2026-07-29,62.25,62.75,58.22,59.54,6906700,2026-08-27 10:18:09.045614+00:00
FTV,2026-07-28,63.5,64.56,63.175,64.089996,4220100,2026-08-27 10:18:09.045614+00:00
FTV,2026-07-27,62.5,63.12,62.18,62.92,2472400,2026-08-27 10:18:09.045614+00:00
FTV,2026-07-24,60.88,62.5,60.565,62.31,2757800,2026-08-27 10:18:09.045614+00:00
FTV,2026-07-23,59.46,61.029999,58.27,60.62,3673100,2026-08-27 10:18:09.045614+00:00
FTV,2026-07-22,60.67,60.98,60.0,60.25,2276100,2026-08-27 10:18:09.045614+00:00
FTV,2026-07-21,61.2,61.54,60.55,60.67,2496400,2026-08-27 10:18:09.045614+00:00
FTV,2026-07-20,61.7,61.7,60.89,60.99,1807600,2026-08-27 10:18:09.045614+00:00
FTV,2026-07-17,62.0,63.060001,61.59,61.78,2804200,2026-08-27 10:18:09.045614+00:00
FTV,2026-07-16,60.68,62.505,60.53,62.45,1969700,2026-08-27 10:18:09.045614+00:00
MMM,2026-08-26,180.74,180.74,178.58,179.38,68458,2026-08-27 10:18:09.045614+00:00
MMM,2026-08-25,180.33,180.795,178.63,179.37,2316879,2026-08-27 10:18:09.045614+00:00
MMM,2026-08-24,178.88,180.35001,178.23,179.0099945,2088100,2026-08-27 10:18:09.045614+00:00
MMM,2026-08-21,178.020004,181.029999,178.020004,178.96001,2587900,2026-08-27 10:18:09.045614+00:00
MMM,2026-08-20,179.25,181.97,177.89999,178.089996,3499900,2026-08-27 10:18:09.045614+00:00
MMM,2026-08-19,182.0099945,183.42999,179.89999,180.66,2765400,2026-08-27 10:18:09.045614+00:00
MMM,2026-08-18,180.60001,181.66,179.0099945,180.94,2318500,2026-08-27 10:18:09.045614+00:00
MMM,2026-08-17,181.7,183.23,179.66,180.21001,3873800,2026-08-27 10:18:09.045614+00:00
MMM,2026-08-14,181.94,184.25,181.36,182.64999,2644600,2026-08-27 10:18:09.045614+00:00
MMM,2026-08-13,184.17999,184.69,180.49001,182.64999,2852800,2026-08-27 10:18:09.045614+00:00
MMM,2026-08-12,183.77,184.39999,181.39,183.78,2647500,2026-08-27 10:18:09.045614+00:00
MMM,2026-08-11,181.94,184.38,181.75999,183.13,2335500,2026-08-27 10:18:09.045614+00:00
MMM,2026-08-10,183.36,183.5,181.0099945,182.039993,1942500,2026-08-27 10:18:09.045614+00:00
MMM,2026-08-07,180.22,183.53999,179.17,182.89999,2430400,2026-08-27 10:18:09.045614+00:00
MMM,2026-08-06,182.029999,183.5,179.46001,180.71001,2547000,2026-08-27 10:18:09.045614+00:00
MMM,2026-08-05,181.089996,183.38,181.089996,182.080002,2728600,2026-08-27 10:18:09.045614+00:00
MMM,2026-08-04,179.17,181.67,176.60001,181.45,2980000,2026-08-27 10:18:09.045614+00:00
MMM,2026-08-03,178.0,179.44,176.13,177.23,2749500,2026-08-27 10:18:09.045614+00:00
MMM,2026-07-31,176.5,177.14,174.92999,176.28,2676800,2026-08-27 10:18:09.045614+00:00
MMM,2026-07-30,177.61,178.42,173.96001,176.070007,2811800,2026-08-27 10:18:09.045614+00:00
MMM,2026-07-29,181.12,182.2,177.55,177.95,4822200,2026-08-27 10:18:09.045614+00:00
MMM,2026-07-28,179.60001,184.89999,178.98,182.48,5501400,2026-08-27 10:18:09.045614+00:00
MMM,2026-07-27,175.16,179.28999,173.52,178.23,4826300,2026-08-27 10:18:09.045614+00:00
MMM,2026-07-24,170.31,173.35001,169.46001,172.62,4101300,2026-08-27 10:18:09.045614+00:00
MMM,2026-07-23,170.99001,171.99001,168.32001,169.59,4736800,2026-08-27 10:18:09.045614+00:00
MMM,2026-07-22,172.050003,174.64999,169.73,170.75999,4593800,2026-08-27 10:18:09.045614+00:00
MMM,2026-07-21,169.089996,176.16,169.0,170.75999,11003500,2026-08-27 10:18:09.045614+00:00
MMM,2026-07-20,160.42,161.67999,159.0099945,159.11,4063900,2026-08-27 10:18:09.045614+00:00
MMM,2026-07-17,163.67,164.23,159.73,159.84,2922700,2026-08-27 10:18:09.045614+00:00
MMM,2026-07-16,159.88,163.35001,159.12,161.77,3482400,2026-08-27 10:18:09.045614+00:00
EME,2026-08-26,748.0,763.61,745.275,760.13,11387,2026-08-27 10:18:09.045614+00:00
EME,2026-08-25,780.17999,780.17999,730.89502,739.87,388214,2026-08-27 10:18:09.045614+00:00
EME,2026-08-24,769.98999,773.39001,758.76001,764.90002,304300,2026-08-27 10:18:09.045614+00:00
EME,2026-08-21,791.72998,794.27002,775.53003,776.62,326200,2026-08-27 10:18:09.045614+00:00
EME,2026-08-20,799.14001,807.41998,784.89001,787.39001,285500,2026-08-27 10:18:09.045614+00:00
EME,2026-08-19,830.5,830.5,793.84003,805.78003,409400,2026-08-27 10:18:09.045614+00:00
EME,2026-08-18,843.37,843.56,817.01001,824.53003,288300,2026-08-27 10:18:09.045614+00:00
EME,2026-08-17,842.039978,864.83002,840.28998,862.53998,315000,2026-08-27 10:18:09.045614+00:00
EME,2026-08-14,832.53998,854.099976,830.96002,836.28998,288900,2026-08-27 10:18:09.045614+00:00
EME,2026-08-13,832.84003,843.83002,828.19,831.22998,280400,2026-08-27 10:18:09.045614+00:00
EME,2026-08-12,830.47998,844.58002,827.88,833.40002,349200,2026-08-27 10:18:09.045614+00:00
EME,2026-08-11,815.53003,830.87,812.47998,816.85999,288100,2026-08-27 10:18:09.045614+00:00
EME,2026-08-10,823.98999,827.63,808.47998,809.33002,286500,2026-08-27 10:18:09.045614+00:00
EME,2026-08-07,820.56,831.53998,801.59998,816.90002,356500,2026-08-27 10:18:09.045614+00:00
EME,2026-08-06,826.099976,836.15002,805.20001,808.42999,380500,2026-08-27 10:18:09.045614+00:00
EME,2026-08-05,827.17999,835.0,815.79999,822.15997,375900,2026-08-27 10:18:09.045614+00:00
EME,2026-08-04,824.94,831.5,808.87,819.88,450900,2026-08-27 10:18:09.045614+00:00
EME,2026-08-03,787.98999,821.85999,775.049988,817.41998,565800,2026-08-27 10:18:09.045614+00:00
EME,2026-07-31,838.90002,839.98999,797.41998,797.42999,609400,2026-08-27 10:18:09.045614+00:00
EME,2026-07-30,771.65997,808.71997,771.65997,802.37,879600,2026-08-27 10:18:09.045614+00:00
EME,2026-07-29,707.02002,711.080017,668.82001,672.47998,765300,2026-08-27 10:18:09.045614+00:00
EME,2026-07-28,733.049988,733.33002,698.35999,705.82001,524500,2026-08-27 10:18:09.045614+00:00
EME,2026-07-27,746.82001,761.95001,725.88,742.75,436900,2026-08-27 10:18:09.045614+00:00
EME,2026-07-24,764.16998,772.039978,742.97998,744.84998,296200,2026-08-27 10:18:09.045614+00:00
EME,2026-07-23,755.0,772.94,755.0,769.070007,353700,2026-08-27 10:18:09.045614+00:00
EME,2026-07-22,745.94,763.25,740.28003,755.15002,318800,2026-08-27 10:18:09.045614+00:00
EME,2026-07-21,761.15002,765.0,749.26001,760.27002,298600,2026-08-27 10:18:09.045614+00:00
EME,2026-07-20,759.039978,761.099976,740.23999,744.030029,435400,2026-08-27 10:18:09.045614+00:00
EME,2026-07-17,728.58002,744.96002,717.28003,744.15997,1526500,2026-08-27 10:18:09.045614+00:00
EME,2026-07-16,749.21997,759.95001,745.42999,750.039978,479200,2026-08-27 10:18:09.045614+00:00
GE,2026-08-26,351.72,356.39,350.07,353.555,140224,2026-08-27 10:18:09.045614+00:00
GE,2026-08-25,345.94501,350.0,344.22,349.54001,3133233,2026-08-27 10:18:09.045614+00:00
GE,2026-08-24,346.59,348.48999,340.54001,341.84,2664800,2026-08-27 10:18:09.045614+00:00
GE,2026-08-21,347.54001,351.85999,346.41,348.37,3546100,2026-08-27 10:18:09.045614+00:00
GE,2026-08-20,353.089996,354.5,343.56,344.64001,6056100,2026-08-27 10:18:09.045614+00:00
GE,2026-08-19,373.51999,374.56,355.98001,356.23001,4923400,2026-08-27 10:18:09.045614+00:00
GE,2026-08-18,366.89001,375.57999,365.0,375.089996,4927900,2026-08-27 10:18:09.045614+00:00
GE,2026-08-17,367.87,372.35999,366.76001,369.42999,5515000,2026-08-27 10:18:09.045614+00:00
GE,2026-08-14,362.5,368.69,361.51001,368.38,2966200,2026-08-27 10:18:09.045614+00:00
GE,2026-08-13,367.0,367.079987,359.54999,360.64001,2738400,2026-08-27 10:18:09.045614+00:00
GE,2026-08-12,369.79001,370.20001,363.23999,365.32999,2180800,2026-08-27 10:18:09.045614+00:00
GE,2026-08-11,367.73999,372.56,366.47,368.059998,2286100,2026-08-27 10:18:09.045614+00:00
GE,2026-08-10,371.51999,372.26001,364.84,366.70001,3092000,2026-08-27 10:18:09.045614+00:00
GE,2026-08-07,376.39001,377.81,368.44,370.079987,2527700,2026-08-27 10:18:09.045614+00:00
GE,2026-08-06,383.97,388.84,372.79001,374.54999,3552900,2026-08-27 10:18:09.045614+00:00
GE,2026-08-05,379.34,384.51001,378.73999,381.22,3160800,2026-08-27 10:18:09.045614+00:00
GE,2026-08-04,374.51999,378.85001,368.60001,377.28,4183100,2026-08-27 10:18:09.045614+00:00
GE,2026-08-03,363.79001,369.95001,360.97,368.92999,3371900,2026-08-27 10:18:09.045614+00:00
GE,2026-07-31,356.23999,362.42001,353.78,360.070007,3151300,2026-08-27 10:18:09.045614+00:00
GE,2026-07-30,354.75,356.62,347.66,355.040009,3187100,2026-08-27 10:18:09.045614+00:00
GE,2026-07-29,362.70001,362.70001,348.84,350.63,3723000,2026-08-27 10:18:09.045614+00:00
GE,2026-07-28,364.57999,366.76999,358.19,363.59,3625900,2026-08-27 10:18:09.045614+00:00
GE,2026-07-27,359.85999,365.5,356.059998,361.60999,3839200,2026-08-27 10:18:09.045614+00:00
GE,2026-07-24,350.23999,359.98999,350.20001,353.73001,2958900,2026-08-27 10:18:09.045614+00:00
GE,2026-07-23,340.0,349.72,338.60001,349.0,3823600,2026-08-27 10:18:09.045614+00:00
GE,2026-07-22,340.70999,345.20001,340.37,341.19,4200100,2026-08-27 10:18:09.045614+00:00
GE,2026-07-21,345.0,346.25,340.01001,340.70001,3938600,2026-08-27 10:18:09.045614+00:00
GE,2026-07-20,353.79999,357.10001,339.89001,341.29999,3887100,2026-08-27 10:18:09.045614+00:00
GE,2026-07-17,346.98999,357.059998,343.019989,348.82999,5596300,2026-08-27 10:18:09.045614+00:00
GE,2026-07-16,353.22,354.26999,336.53,345.73001,6883600,2026-08-27 10:18:09.045614+00:00
DAL,2026-08-26,84.485,84.91,83.25,83.48,163992,2026-08-27 10:18:09.045614+00:00
DAL,2026-08-25,84.43,84.43,82.13,83.62,5702712,2026-08-27 10:18:09.045614+00:00
DAL,2026-08-24,83.3,84.32,82.15,82.48,4080000,2026-08-27 10:18:09.045614+00:00
DAL,2026-08-21,82.22,83.07,82.050003,82.41,5075800,2026-08-27 10:18:09.045614+00:00
DAL,2026-08-20,82.099998,82.2,80.67,81.059998,6169400,2026-08-27 10:18:09.045614+00:00
DAL,2026-08-19,86.72,86.72,83.059998,83.29,5489100,2026-08-27 10:18:09.045614+00:00
DAL,2026-08-18,87.0,87.23,85.67,85.7,4605500,2026-08-27 10:18:09.045614+00:00
DAL,2026-08-17,89.0,89.17,87.52,87.59,3939400,2026-08-27 10:18:09.045614+00:00
DAL,2026-08-14,91.040001,91.36,89.059998,89.35,4459900,2026-08-27 10:18:09.045614+00:00
DAL,2026-08-13,91.45,92.21,90.83,91.31,3553300,2026-08-27 10:18:09.045614+00:00
DAL,2026-08-12,90.76,91.25,88.5,89.93,3192700,2026-08-27 10:18:09.045614+00:00
DAL,2026-08-11,89.99,90.91,88.93,90.41,2893400,2026-08-27 10:18:09.045614+00:00
DAL,2026-08-10,90.34,90.51,88.94,89.21,3760100,2026-08-27 10:18:09.045614+00:00
DAL,2026-08-07,92.3,92.44,90.85,91.34,3386100,2026-08-27 10:18:09.045614+00:00
DAL,2026-08-06,92.5,93.3,91.92,91.98,5234300,2026-08-27 10:18:09.045614+00:00
DAL,2026-08-05,93.4,95.010002,93.059998,93.14,5028300,2026-08-27 10:18:09.045614+00:00
DAL,2026-08-04,93.040001,94.080002,91.9,92.77,5184400,2026-08-27 10:18:09.045614+00:00
DAL,2026-08-03,89.2,91.93,89.2,91.59,5485700,2026-08-27 10:18:09.045614+00:00
DAL,2026-07-31,88.019997,88.58,87.32,87.44,4772500,2026-08-27 10:18:09.045614+00:00
DAL,2026-07-30,87.83,89.26,86.2,88.59,5717300,2026-08-27 10:18:09.045614+00:00
DAL,2026-07-29,87.13,88.51,86.12,86.25,5459800,2026-08-27 10:18:09.045614+00:00
DAL,2026-07-28,86.91,89.69,86.23,89.37,7214700,2026-08-27 10:18:09.045614+00:00
DAL,2026-07-27,86.87,88.57,85.74,86.67,7591100,2026-08-27 10:18:09.045614+00:00
DAL,2026-07-24,82.66,86.010002,82.44,85.059998,5461200,2026-08-27 10:18:09.045614+00:00
DAL,2026-07-23,81.059998,82.099998,80.64,81.97,8061800,2026-08-27 10:18:09.045614+00:00
DAL,2026-07-22,83.52,84.6,82.9,83.52,5144800,2026-08-27 10:18:09.045614+00:00
DAL,2026-07-21,85.0,85.33,83.81,84.63,4030500,2026-08-27 10:18:09.045614+00:00
DAL,2026-07-20,84.79,85.5,83.82,84.54,6578700,2026-08-27 10:18:09.045614+00:00
DAL,2026-07-17,84.78,86.019997,83.56,84.17,6462900,2026-08-27 10:18:09.045614+00:00
DAL,2026-07-16,85.3,87.19,85.029999,86.7,5884000,2026-08-27 10:18:09.045614+00:00
FDXF,2026-08-26,128.375,134.2,127.79,133.38,29822,2026-08-27 10:18:09.045614+00:00
FDXF,2026-08-25,132.52499,133.30991,128.71001,128.75,1135529,2026-08-27 10:18:09.045614+00:00
FDXF,2026-08-24,137.0,137.75,130.25,131.27,1229100,2026-08-27 10:18:09.045614+00:00
FDXF,2026-08-21,138.17999,140.24001,135.38,137.32001,722400,2026-08-27 10:18:09.045614+00:00
FDXF,2026-08-20,137.28,137.75,132.87,136.39999,1093100,2026-08-27 10:18:09.045614+00:00
FDXF,2026-08-19,141.0,145.25999,138.039993,138.17,1131200,2026-08-27 10:18:09.045614+00:00
FDXF,2026-08-18,143.5,144.0,139.12,139.23,1120300,2026-08-27 10:18:09.045614+00:00
FDXF,2026-08-17,149.0,149.0,143.73,143.82001,1263200,2026-08-27 10:18:09.045614+00:00
FDXF,2026-08-14,151.089996,152.67,146.080002,150.28999,2201100,2026-08-27 10:18:09.045614+00:00
FDXF,2026-08-13,142.020004,152.020004,140.7,151.99001,3146700,2026-08-27 10:18:09.045614+00:00
FDXF,2026-08-12,139.57001,142.14,138.8,141.24001,892300,2026-08-27 10:18:09.045614+00:00
FDXF,2026-08-11,140.69,143.83,138.10001,139.50999,975600,2026-08-27 10:18:09.045614+00:00
FDXF,2026-08-10,143.48,144.78999,141.3,141.35001,780800,2026-08-27 10:18:09.045614+00:00
FDXF,2026-08-07,146.56,150.0,142.97,144.75999,1328900,2026-08-27 10:18:09.045614+00:00
FDXF,2026-08-06,142.28,146.53,141.58,146.42,842100,2026-08-27 10:18:09.045614+00:00
FDXF,2026-08-05,143.059998,145.91,142.55,143.029999,846200,2026-08-27 10:18:09.045614+00:00
FDXF,2026-08-04,139.77,144.16,139.0,142.7,1141400,2026-08-27 10:18:09.045614+00:00
FDXF,2026-08-03,141.0,144.7,139.0,139.020004,637800,2026-08-27 10:18:09.045614+00:00
FDXF,2026-07-31,136.63,141.92,136.63,140.53,878300,2026-08-27 10:18:09.045614+00:00
FDXF,2026-07-30,144.59,147.33,135.64,137.55,1563100,2026-08-27 10:18:09.045614+00:00
FDXF,2026-07-29,150.45,153.78,143.5,144.36,901400,2026-08-27 10:18:09.045614+00:00
FDXF,2026-07-28,150.13,153.64,147.45,150.99001,757800,2026-08-27 10:18:09.045614+00:00
FDXF,2026-07-27,157.24001,158.35001,149.25999,150.3,1122700,2026-08-27 10:18:09.045614+00:00
FDXF,2026-07-24,155.14999,159.039993,149.44,158.0,1255300,2026-08-27 10:18:09.045614+00:00
FDXF,2026-07-23,149.37,155.34,148.78,154.78999,1449800,2026-08-27 10:18:09.045614+00:00
FDXF,2026-07-22,149.63,152.27,148.11,149.32001,599400,2026-08-27 10:18:09.045614+00:00
FDXF,2026-07-21,150.11,153.39999,148.25,150.38,664000,2026-08-27 10:18:09.045614+00:00
FDXF,2026-07-20,152.0,154.59,148.41,150.14,831700,2026-08-27 10:18:09.045614+00:00
FDXF,2026-07-17,152.49001,158.27,150.46001,152.25999,1326100,2026-08-27 10:18:09.045614+00:00
FDXF,2026-07-16,143.92999,153.28999,141.19,152.42999,1531700,2026-08-27 10:18:09.045614+00:00
CARR,2026-08-26,59.1,59.55,58.435,58.82,360268,2026-08-27 10:18:09.045614+00:00
CARR,2026-08-25,60.93,61.035,58.22,58.52,6614680,2026-08-27 10:18:09.045614+00:00
CARR,2026-08-24,60.43,60.75,59.615,59.97,3957400,2026-08-27 10:18:09.045614+00:00
CARR,2026-08-21,60.86,61.24,60.099998,60.37,5083700,2026-08-27 10:18:09.045614+00:00
CARR,2026-08-20,60.22,61.11,59.902,60.15,4628900,2026-08-27 10:18:09.045614+00:00
CARR,2026-08-19,62.14,62.41,60.76,61.2,4085200,2026-08-27 10:18:09.045614+00:00
CARR,2026-08-18,61.99,62.13,60.95,61.42,5372900,2026-08-27 10:18:09.045614+00:00
CARR,2026-08-17,62.57,63.039001,62.26,62.56,5353900,2026-08-27 10:18:09.045614+00:00
CARR,2026-08-14,63.07,63.957,62.61,62.78,3153700,2026-08-27 10:18:09.045614+00:00
CARR,2026-08-13,63.28,63.73,62.53,63.35,3576400,2026-08-27 10:18:09.045614+00:00
CARR,2026-08-12,64.63,64.73,62.89,63.080002,5020900,2026-08-27 10:18:09.045614+00:00
CARR,2026-08-11,63.82,64.49,63.02,63.62,4882200,2026-08-27 10:18:09.045614+00:00
CARR,2026-08-10,63.94,64.72,63.3,63.44,5724400,2026-08-27 10:18:09.045614+00:00
CARR,2026-08-07,63.88,64.67,63.4,64.010002,5059600,2026-08-27 10:18:09.045614+00:00
CARR,2026-08-06,65.39,66.13,63.87,63.96,4852200,2026-08-27 10:18:09.045614+00:00
CARR,2026-08-05,65.25,66.040001,64.97,65.43,5662400,2026-08-27 10:18:09.045614+00:00
CARR,2026-08-04,63.69,66.135,63.060001,65.69,6947600,2026-08-27 10:18:09.045614+00:00
CARR,2026-08-03,62.48,63.27,62.23,63.17,5792200,2026-08-27 10:18:09.045614+00:00
CARR,2026-07-31,62.31,62.685,61.11,61.81,8662300,2026-08-27 10:18:09.045614+00:00
CARR,2026-07-30,61.0,61.42,59.07,61.39,11641100,2026-08-27 10:18:09.045614+00:00
CARR,2026-07-29,62.29,62.725,59.62,59.92,16630100,2026-08-27 10:18:09.045614+00:00
CARR,2026-07-28,67.52,68.3,62.415,63.16,16360200,2026-08-27 10:18:09.045614+00:00
CARR,2026-07-27,69.3,69.86,68.050003,69.33,7059700,2026-08-27 10:18:09.045614+00:00
CARR,2026-07-24,68.75,69.515,67.84,68.88,5711200,2026-08-27 10:18:09.045614+00:00
CARR,2026-07-23,68.13,69.39,67.76,69.15,5828300,2026-08-27 10:18:09.045614+00:00
CARR,2026-07-22,66.59,68.28,66.59,68.099998,5084500,2026-08-27 10:18:09.045614+00:00
CARR,2026-07-21,67.15,67.76,65.84,66.69,9143300,2026-08-27 10:18:09.045614+00:00
CARR,2026-07-20,68.84,69.215,66.84,66.98,5708000,2026-08-27 10:18:09.045614+00:00
CARR,2026-07-17,67.97,69.595,67.48,68.69,5172200,2026-08-27 10:18:09.045614+00:00
CARR,2026-07-16,67.87,69.64,67.56,69.34,6124600,2026-08-27 10:18:09.045614+00:00
NOC,2026-08-26,544.49,553.61,544.49,550.91,9972,2026-08-27 10:18:09.045614+00:00
NOC,2026-08-25,547.82001,549.78998,540.039978,542.52002,553872,2026-08-27 10:18:09.045614+00:00
NOC,2026-08-24,553.0,553.0,546.5,549.28003,440900,2026-08-27 10:18:09.045614+00:00
NOC,2026-08-21,566.14001,567.51001,550.17999,551.030029,926700,2026-08-27 10:18:09.045614+00:00
NOC,2026-08-20,580.73999,586.0,563.42999,563.85999,1236100,2026-08-27 10:18:09.045614+00:00
NOC,2026-08-19,583.34998,591.54999,578.84998,582.84003,671700,2026-08-27 10:18:09.045614+00:00
NOC,2026-08-18,579.070007,594.51001,576.20001,589.14001,763800,2026-08-27 10:18:09.045614+00:00
NOC,2026-08-17,581.84998,584.96002,569.25,570.20001,659800,2026-08-27 10:18:09.045614+00:00
NOC,2026-08-14,579.35999,586.35999,574.44,585.87,599200,2026-08-27 10:18:09.045614+00:00
NOC,2026-08-13,578.71997,579.94,571.91998,574.73999,409500,2026-08-27 10:18:09.045614+00:00
NOC,2026-08-12,571.070007,580.039978,569.51001,577.32001,626600,2026-08-27 10:18:09.045614+00:00
NOC,2026-08-11,575.94,580.75,572.97998,575.69,430400,2026-08-27 10:18:09.045614+00:00
NOC,2026-08-10,575.0,581.59003,573.10999,577.89001,643000,2026-08-27 10:18:09.045614+00:00
NOC,2026-08-07,566.79999,572.75,560.53998,571.58002,442900,2026-08-27 10:18:09.045614+00:00
NOC,2026-08-06,563.81,568.67999,559.0,567.73999,603900,2026-08-27 10:18:09.045614+00:00
NOC,2026-08-05,555.88,557.57001,549.77002,557.46997,627900,2026-08-27 10:18:09.045614+00:00
NOC,2026-08-04,547.77002,555.0,541.090027,551.54999,753100,2026-08-27 10:18:09.045614+00:00
NOC,2026-08-03,546.02002,557.60999,543.53003,548.46997,672800,2026-08-27 10:18:09.045614+00:00
NOC,2026-07-31,534.84998,545.21997,530.080017,542.47998,852900,2026-08-27 10:18:09.045614+00:00
NOC,2026-07-30,529.070007,535.030029,519.77002,534.84998,774600,2026-08-27 10:18:09.045614+00:00
NOC,2026-07-29,554.34998,554.92999,534.23999,535.049988,760300,2026-08-27 10:18:09.045614+00:00
NOC,2026-07-28,558.0,565.41998,548.58002,549.21997,944000,2026-08-27 10:18:09.045614+00:00
NOC,2026-07-27,542.44,552.0,542.21997,547.58002,680100,2026-08-27 10:18:09.045614+00:00
NOC,2026-07-24,535.5,544.66998,534.45001,542.23999,654900,2026-08-27 10:18:09.045614+00:00
NOC,2026-07-23,537.19,546.76001,526.35999,533.47998,1083600,2026-08-27 10:18:09.045614+00:00
NOC,2026-07-22,523.090027,535.64001,518.46997,525.28003,1056500,2026-08-27 10:18:09.045614+00:00
NOC,2026-07-21,490.0,514.14001,479.019989,512.28998,2447000,2026-08-27 10:18:09.045614+00:00
NOC,2026-07-20,523.47998,533.070007,522.75,523.96002,1032000,2026-08-27 10:18:09.045614+00:00
NOC,2026-07-17,525.070007,538.96002,520.65997,521.57001,1047500,2026-08-27 10:18:09.045614+00:00
NOC,2026-07-16,525.81,529.44,517.15997,518.65002,1270200,2026-08-27 10:18:09.045614+00:00
ADP,2026-08-26,282.69,284.04,281.23,282.38,30637,2026-08-27 10:18:09.045614+00:00
ADP,2026-08-25,280.070007,283.39999,279.31,282.78,2248164,2026-08-27 10:18:09.045614+00:00
ADP,2026-08-24,280.89999,285.59,280.89999,283.01001,2449100,2026-08-27 10:18:09.045614+00:00
ADP,2026-08-21,279.70001,282.17001,277.0,280.81,2609500,2026-08-27 10:18:09.045614+00:00
ADP,2026-08-20,277.5,281.67001,276.92999,279.20999,1685000,2026-08-27 10:18:09.045614+00:00
ADP,2026-08-19,269.98001,278.95999,269.91,277.22,2355000,2026-08-27 10:18:09.045614+00:00
ADP,2026-08-18,270.91,274.63,269.14001,269.31,3344200,2026-08-27 10:18:09.045614+00:00
ADP,2026-08-17,269.54001,269.94,265.82001,266.059998,2289400,2026-08-27 10:18:09.045614+00:00
ADP,2026-08-14,276.87,277.32999,271.42999,272.95999,1457400,2026-08-27 10:18:09.045614+00:00
ADP,2026-08-13,271.01001,276.88,268.73001,276.23001,1911800,2026-08-27 10:18:09.045614+00:00
ADP,2026-08-12,269.20001,271.029999,265.89999,269.32999,2159900,2026-08-27 10:18:09.045614+00:00
ADP,2026-08-11,270.67001,273.14001,269.48999,271.089996,2105700,2026-08-27 10:18:09.045614+00:00
ADP,2026-08-10,268.92999,273.72,268.01001,273.67999,1703300,2026-08-27 10:18:09.045614+00:00
ADP,2026-08-07,272.78,275.28,270.14001,271.32001,2119300,2026-08-27 10:18:09.045614+00:00
ADP,2026-08-06,271.16,273.81,269.20001,273.51001,2747900,2026-08-27 10:18:09.045614+00:00
ADP,2026-08-05,274.97,274.97,266.73001,270.089996,1931800,2026-08-27 10:18:09.045614+00:00
ADP,2026-08-04,264.41,270.79999,263.35999,270.62,2586300,2026-08-27 10:18:09.045614+00:00
ADP,2026-08-03,270.79999,275.56,268.29001,269.78,3103700,2026-08-27 10:18:09.045614+00:00
ADP,2026-07-31,260.14001,266.92999,258.98999,266.45999,2494600,2026-08-27 10:18:09.045614+00:00
ADP,2026-07-30,265.44,267.47,256.89999,263.87,2895200,2026-08-27 10:18:09.045614+00:00
ADP,2026-07-29,264.88,280.59,261.5,273.37,4623600,2026-08-27 10:18:09.045614+00:00
ADP,2026-07-28,259.37,268.17001,258.17999,264.17001,3686100,2026-08-27 10:18:09.045614+00:00
ADP,2026-07-27,251.17999,257.73999,251.17999,254.98,1723800,2026-08-27 10:18:09.045614+00:00
ADP,2026-07-24,244.56,250.84,243.57001,250.089996,1763700,2026-08-27 10:18:09.045614+00:00
ADP,2026-07-23,242.99001,244.8,240.39999,242.88,2009400,2026-08-27 10:18:09.045614+00:00
ADP,2026-07-22,249.25,249.25,241.64999,243.12,2011300,2026-08-27 10:18:09.045614+00:00
ADP,2026-07-21,250.73,253.35001,246.020004,246.22,2842500,2026-08-27 10:18:09.045614+00:00
ADP,2026-07-20,254.31,256.01001,251.0099945,255.24001,2776100,2026-08-27 10:18:09.045614+00:00
ADP,2026-07-17,257.98001,261.31,251.45,255.27,2675800,2026-08-27 10:18:09.045614+00:00
ADP,2026-07-16,252.23,257.35999,251.92999,256.56,2661700,2026-08-27 10:18:09.045614+00:00
CTAS,2026-08-26,204.625,206.46,204.625,206.065,20398,2026-08-27 10:18:09.045614+00:00
CTAS,2026-08-25,206.67,207.089996,203.61,204.75999,2440616,2026-08-27 10:18:09.045614+00:00
CTAS,2026-08-24,205.37,207.50999,204.53,207.39999,1819800,2026-08-27 10:18:09.045614+00:00
CTAS,2026-08-21,203.52,204.86,202.34,203.78999,1731600,2026-08-27 10:18:09.045614+00:00
CTAS,2026-08-20,202.42,204.31,201.44,203.52,2028300,2026-08-27 10:18:09.045614+00:00
CTAS,2026-08-19,200.62,205.88,200.029999,203.080002,1606800,2026-08-27 10:18:09.045614+00:00
CTAS,2026-08-18,200.95,201.31,199.070007,199.45,1837100,2026-08-27 10:18:09.045614+00:00
CTAS,2026-08-17,197.88,199.87,196.5,197.82001,2249000,2026-08-27 10:18:09.045614+00:00
CTAS,2026-08-14,200.49001,201.020004,198.84,199.52,1612800,2026-08-27 10:18:09.045614+00:00
CTAS,2026-08-13,204.62,205.39,200.58,200.7,1310100,2026-08-27 10:18:09.045614+00:00
CTAS,2026-08-12,202.62,205.21001,200.039993,203.50999,1266900,2026-08-27 10:18:09.045614+00:00
CTAS,2026-08-11,202.089996,206.92,202.089996,205.28,1785600,2026-08-27 10:18:09.045614+00:00
CTAS,2026-08-10,201.69,203.58,200.89999,202.71001,1834200,2026-08-27 10:18:09.045614+00:00
CTAS,2026-08-07,200.63,204.0,200.23,203.050003,1569000,2026-08-27 10:18:09.045614+00:00
CTAS,2026-08-06,202.86,203.92999,199.39,202.14999,1680900,2026-08-27 10:18:09.045614+00:00
CTAS,2026-08-05,204.0,204.75,199.7,201.39999,2460500,2026-08-27 10:18:09.045614+00:00
CTAS,2026-08-04,203.25999,204.67,200.97,203.64999,2653200,2026-08-27 10:18:09.045614+00:00
CTAS,2026-08-03,207.47,208.78,203.67,204.0099945,2093600,2026-08-27 10:18:09.045614+00:00
CTAS,2026-07-31,205.25,206.22,202.48,204.63,2233700,2026-08-27 10:18:09.045614+00:00
CTAS,2026-07-30,210.67999,211.059998,204.83,206.78999,3291000,2026-08-27 10:18:09.045614+00:00
CTAS,2026-07-29,214.89999,219.17,213.53999,216.53,2755100,2026-08-27 10:18:09.045614+00:00
CTAS,2026-07-28,214.37,218.64,213.58,214.89999,3660800,2026-08-27 10:18:09.045614+00:00
CTAS,2026-07-27,207.0099945,211.72,206.35001,210.98,2261000,2026-08-27 10:18:09.045614+00:00
CTAS,2026-07-24,202.28,206.64999,202.029999,205.91,2003500,2026-08-27 10:18:09.045614+00:00
CTAS,2026-07-23,200.53999,204.050003,199.88,203.25,2454700,2026-08-27 10:18:09.045614+00:00
CTAS,2026-07-22,202.60001,202.60001,198.75,201.36,2591800,2026-08-27 10:18:09.045614+00:00
CTAS,2026-07-21,199.19,201.070007,196.0,200.41,2463600,2026-08-27 10:18:09.045614+00:00
CTAS,2026-07-20,203.5,204.38,200.16,201.8,2337100,2026-08-27 10:18:09.045614+00:00
CTAS,2026-07-17,207.17,209.72,201.56,204.45,3134400,2026-08-27 10:18:09.045614+00:00
CTAS,2026-07-16,198.74001,207.089996,197.12,206.25,4245300,2026-08-27 10:18:09.045614+00:00
APH,2026-08-26,159.73,162.53,159.065,161.14,154434,2026-08-27 10:18:09.045614+00:00
APH,2026-08-25,159.66,159.67999,157.27,158.78,5363321,2026-08-27 10:18:09.045614+00:00
APH,2026-08-24,155.0,156.3,151.5,155.55,5263800,2026-08-27 10:18:09.045614+00:00
APH,2026-08-21,156.5,158.41,153.81,157.0099945,6281000,2026-08-27 10:18:09.045614+00:00
APH,2026-08-20,155.75,156.7,152.82001,153.11,5418700,2026-08-27 10:18:09.045614+00:00
APH,2026-08-19,162.0,163.25,155.56,156.039993,6039800,2026-08-27 10:18:09.045614+00:00
APH,2026-08-18,165.2,166.38,158.10001,159.57001,7537300,2026-08-27 10:18:09.045614+00:00
APH,2026-08-17,167.95,172.059998,166.45,170.87,6303500,2026-08-27 10:18:09.045614+00:00
APH,2026-08-14,165.64999,167.89,165.25,167.11,4481900,2026-08-27 10:18:09.045614+00:00
APH,2026-08-13,169.82001,170.39999,165.27,165.75,4193100,2026-08-27 10:18:09.045614+00:00
APH,2026-08-12,172.14,172.82001,168.17999,169.96001,5223200,2026-08-27 10:18:09.045614+00:00
APH,2026-08-11,170.41,172.25999,167.16,167.23,3952700,2026-08-27 10:18:09.045614+00:00
APH,2026-08-10,171.42999,171.71001,167.63,167.7,5583700,2026-08-27 10:18:09.045614+00:00
APH,2026-08-07,171.64999,172.41,166.88,169.17999,6062100,2026-08-27 10:18:09.045614+00:00
APH,2026-08-06,169.74001,176.33,168.67,170.61,5360900,2026-08-27 10:18:09.045614+00:00
APH,2026-08-05,172.31,174.84,170.60001,172.24001,6144200,2026-08-27 10:18:09.045614+00:00
APH,2026-08-04,170.47,172.89999,165.59,171.33,8173700,2026-08-27 10:18:09.045614+00:00
APH,2026-08-03,157.73,164.16,155.36,163.34,7161900,2026-08-27 10:18:09.045614+00:00
APH,2026-07-31,164.83,167.23,159.85001,160.7,9279900,2026-08-27 10:18:09.045614+00:00
APH,2026-07-30,159.71001,161.21001,154.72,159.82001,10763800,2026-08-27 10:18:09.045614+00:00
APH,2026-07-29,152.3,159.28,149.42,150.31,12185800,2026-08-27 10:18:09.045614+00:00
APH,2026-07-28,145.44,146.0,139.67,143.85001,10112200,2026-08-27 10:18:09.045614+00:00
APH,2026-07-27,155.5,155.5,146.75,149.28,5566600,2026-08-27 10:18:09.045614+00:00
APH,2026-07-24,156.3,158.86,151.28999,152.67,5606000,2026-08-27 10:18:09.045614+00:00
APH,2026-07-23,156.5,160.029999,156.12,157.42999,6317500,2026-08-27 10:18:09.045614+00:00
APH,2026-07-22,153.99001,158.53,153.62,157.50999,6048100,2026-08-27 10:18:09.045614+00:00
APH,2026-07-21,155.050003,158.080002,152.87,157.81,6487200,2026-08-27 10:18:09.045614+00:00
APH,2026-07-20,152.0,154.78,150.21001,150.50999,4762500,2026-08-27 10:18:09.045614+00:00
APH,2026-07-17,149.75999,153.50999,146.039993,151.2,6699300,2026-08-27 10:18:09.045614+00:00
APH,2026-07-16,154.42,157.0,152.47,153.14,5486400,2026-08-27 10:18:09.045614+00:00
TEL,2026-08-26,203.0,205.01,202.75,203.45,48745,2026-08-27 10:18:09.045614+00:00
TEL,2026-08-25,205.0,205.295,199.28,201.41,2155848,2026-08-27 10:18:09.045614+00:00
TEL,2026-08-24,203.77,204.3,199.52,202.41,1705300,2026-08-27 10:18:09.045614+00:00
TEL,2026-08-21,200.25,204.17999,200.2,203.52,2966100,2026-08-27 10:18:09.045614+00:00
TEL,2026-08-20,201.080002,202.71001,199.45,200.53999,1864100,2026-08-27 10:18:09.045614+00:00
TEL,2026-08-19,208.039993,208.88,203.17999,203.57001,1830200,2026-08-27 10:18:09.045614+00:00
TEL,2026-08-18,213.63,213.64999,204.89,204.97,2939900,2026-08-27 10:18:09.045614+00:00
TEL,2026-08-17,215.25,218.92,214.94,217.38,1384200,2026-08-27 10:18:09.045614+00:00
TEL,2026-08-14,214.74001,218.27,214.029999,216.23,1977400,2026-08-27 10:18:09.045614+00:00
TEL,2026-08-13,215.050003,218.059998,214.41,214.74001,1270200,2026-08-27 10:18:09.045614+00:00
TEL,2026-08-12,220.95,220.95,211.78999,214.2,1542400,2026-08-27 10:18:09.045614+00:00
TEL,2026-08-11,214.82001,221.98,214.56,218.69,1288700,2026-08-27 10:18:09.045614+00:00
TEL,2026-08-10,215.73,216.88,212.8,214.28,1070400,2026-08-27 10:18:09.045614+00:00
TEL,2026-08-07,214.67999,217.070007,213.75999,216.33,2552000,2026-08-27 10:18:09.045614+00:00
TEL,2026-08-06,217.75999,220.67999,214.89,215.080002,1470800,2026-08-27 10:18:09.045614+00:00
TEL,2026-08-05,217.050003,219.56,215.10001,218.020004,2663100,2026-08-27 10:18:09.045614+00:00
TEL,2026-08-04,208.92,217.44,206.60001,216.82001,2609800,2026-08-27 10:18:09.045614+00:00
TEL,2026-08-03,205.84,206.31,200.61,204.97,2599800,2026-08-27 10:18:09.045614+00:00
TEL,2026-07-31,210.49001,211.39999,205.49001,205.69,2323800,2026-08-27 10:18:09.045614+00:00
TEL,2026-07-30,211.94,213.23,203.21001,206.58,3057700,2026-08-27 10:18:09.045614+00:00
TEL,2026-07-29,214.89,215.029999,205.57001,206.95,3044400,2026-08-27 10:18:09.045614+00:00
TEL,2026-07-28,205.16,214.72,203.38,214.28999,3564300,2026-08-27 10:18:09.045614+00:00
TEL,2026-07-27,204.69,207.66,203.050003,207.58,2361100,2026-08-27 10:18:09.045614+00:00
TEL,2026-07-24,198.91,203.44,197.67,202.94,2010300,2026-08-27 10:18:09.045614+00:00
TEL,2026-07-23,198.11,203.92,196.82001,198.78999,3585200,2026-08-27 10:18:09.045614+00:00
TEL,2026-07-22,199.33,201.0,190.27,200.28,8791800,2026-08-27 10:18:09.045614+00:00
TEL,2026-07-21,206.14999,211.99001,204.74001,209.0099945,3172700,2026-08-27 10:18:09.045614+00:00
TEL,2026-07-20,205.25,206.69,201.59,203.14,3005800,2026-08-27 10:18:09.045614+00:00
TEL,2026-07-17,198.14,204.3,196.87,203.31,2452900,2026-08-27 10:18:09.045614+00:00
TEL,2026-07-16,198.45,203.78,197.67999,202.57001,2422600,2026-08-27 10:18:09.045614+00:00
CRWD,2026-08-26,182.59,189.94,181.4,189.815,223957,2026-08-27 10:18:09.045614+00:00
CRWD,2026-08-25,191.62,194.45,182.35001,185.38,8286039,2026-08-27 10:18:09.045614+00:00
CRWD,2026-08-24,189.52,195.39999,188.42999,190.67999,7245600,2026-08-27 10:18:09.045614+00:00
CRWD,2026-08-21,190.94,192.85001,187.0099945,191.95,8201000,2026-08-27 10:18:09.045614+00:00
CRWD,2026-08-20,197.285,200.741,189.92999,190.34,8902400,2026-08-27 10:18:09.045614+00:00
CRWD,2026-08-19,213.38,213.98,197.25,201.63,10751400,2026-08-27 10:18:09.045614+00:00
CRWD,2026-08-18,213.0,216.054993,209.070007,212.92,6887300,2026-08-27 10:18:09.045614+00:00
CRWD,2026-08-17,216.53,219.17999,213.0099945,213.89999,6412000,2026-08-27 10:18:09.045614+00:00
CRWD,2026-08-14,226.64,227.5,216.465,216.95,6750300,2026-08-27 10:18:09.045614+00:00
CRWD,2026-08-13,224.98,226.685,220.23,225.53,5822700,2026-08-27 10:18:09.045614+00:00
CRWD,2026-08-12,219.92999,224.95,217.89,221.78,6919400,2026-08-27 10:18:09.045614+00:00
CRWD,2026-08-11,224.0,225.52,219.24001,221.89999,6343100,2026-08-27 10:18:09.045614+00:00
CRWD,2026-08-10,215.308,226.89999,214.55,225.16,8178500,2026-08-27 10:18:09.045614+00:00
CRWD,2026-08-07,213.825,216.575,208.2,214.42,5882000,2026-08-27 10:18:09.045614+00:00
CRWD,2026-08-06,203.0,207.63,201.75,207.39,6911300,2026-08-27 10:18:09.045614+00:00
CRWD,2026-08-05,213.55,219.35001,209.56,209.86,7324900,2026-08-27 10:18:09.045614+00:00
CRWD,2026-08-04,205.8,212.64,203.5,211.22,8354500,2026-08-27 10:18:09.045614+00:00
CRWD,2026-08-03,194.039993,203.17,192.60001,202.53999,10302600,2026-08-27 10:18:09.045614+00:00
CRWD,2026-07-31,187.22,191.645,184.16,190.86,7887400,2026-08-27 10:18:09.045614+00:00
CRWD,2026-07-30,180.58,185.46001,177.74699,185.22,8958800,2026-08-27 10:18:09.045614+00:00
CRWD,2026-07-29,182.625,186.39,176.46001,179.38,7152500,2026-08-27 10:18:09.045614+00:00
CRWD,2026-07-28,181.33,184.66499,174.14,181.8,8475300,2026-08-27 10:18:09.045614+00:00
CRWD,2026-07-27,187.905,188.5,179.5,180.11,6580300,2026-08-27 10:18:09.045614+00:00
CRWD,2026-07-24,185.0,185.83501,181.83,183.28,5779200,2026-08-27 10:18:09.045614+00:00
CRWD,2026-07-23,189.50999,190.20799,181.77699,183.42,6592300,2026-08-27 10:18:09.045614+00:00
CRWD,2026-07-22,192.56,193.49001,185.050003,188.42,9080600,2026-08-27 10:18:09.045614+00:00
CRWD,2026-07-21,199.81,200.0,189.67999,191.14999,9880300,2026-08-27 10:18:09.045614+00:00
CRWD,2026-07-20,203.080002,208.25,197.82001,198.49001,7379300,2026-08-27 10:18:09.045614+00:00
CRWD,2026-07-17,200.39999,209.5,199.52,203.080002,9102600,2026-08-27 10:18:09.045614+00:00
CRWD,2026-07-16,207.17,207.69,200.070007,203.75999,8026800,2026-08-27 10:18:09.045614+00:00
ACN,2026-08-26,183.01,185.4,180.9,181.9,121207,2026-08-27 10:18:09.045614+00:00
ACN,2026-08-25,183.78,188.0,182.33,186.92999,4071312,2026-08-27 10:18:09.045614+00:00
ACN,2026-08-24,184.64,188.080002,183.42999,186.53,7346300,2026-08-27 10:18:09.045614+00:00
ACN,2026-08-21,180.98,188.45,180.020004,185.28,4837600,2026-08-27 10:18:09.045614+00:00
ACN,2026-08-20,182.21001,187.14,181.17,181.35001,4383300,2026-08-27 10:18:09.045614+00:00
ACN,2026-08-19,172.35001,185.77,172.35001,183.17,5660500,2026-08-27 10:18:09.045614+00:00
ACN,2026-08-18,172.86,176.92999,170.42999,172.92999,5995600,2026-08-27 10:18:09.045614+00:00
ACN,2026-08-17,173.0,175.52,169.75,169.98,5041100,2026-08-27 10:18:09.045614+00:00
ACN,2026-08-14,180.039993,180.5,173.91,176.89,6291000,2026-08-27 10:18:09.045614+00:00
ACN,2026-08-13,181.67999,185.8,177.0,178.49001,9336300,2026-08-27 10:18:09.045614+00:00
ACN,2026-08-12,176.029999,180.14999,173.82001,180.14,5626900,2026-08-27 10:18:09.045614+00:00
ACN,2026-08-11,176.83,180.3,175.55,179.82001,3900000,2026-08-27 10:18:09.045614+00:00
ACN,2026-08-10,174.46001,179.66,172.55,178.25,3974700,2026-08-27 10:18:09.045614+00:00
ACN,2026-08-07,171.13,176.33,170.57001,175.72,3678000,2026-08-27 10:18:09.045614+00:00
ACN,2026-08-06,160.21001,171.47,157.75999,171.11,5206000,2026-08-27 10:18:09.045614+00:00
ACN,2026-08-05,172.25,173.27,167.44,170.73,5395900,2026-08-27 10:18:09.045614+00:00
ACN,2026-08-04,160.64,171.3,160.39999,170.42999,5792900,2026-08-27 10:18:09.045614+00:00
ACN,2026-08-03,170.37,171.47,165.44,165.75999,6741900,2026-08-27 10:18:09.045614+00:00
ACN,2026-07-31,160.82001,166.94,159.2,165.92,9389200,2026-08-27 10:18:09.045614+00:00
ACN,2026-07-30,166.73,166.73,159.96001,163.28999,8643800,2026-08-27 10:18:09.045614+00:00
ACN,2026-07-29,165.0,176.39999,163.86,173.17,10917200,2026-08-27 10:18:09.045614+00:00
ACN,2026-07-28,156.95,167.75,156.95,164.66,10614800,2026-08-27 10:18:09.045614+00:00
ACN,2026-07-27,150.2,156.84,149.58,154.059998,7771400,2026-08-27 10:18:09.045614+00:00
ACN,2026-07-24,142.5,147.53,140.71001,146.99001,6570600,2026-08-27 10:18:09.045614+00:00
ACN,2026-07-23,139.0,139.3,135.96001,138.74001,10362500,2026-08-27 10:18:09.045614+00:00
ACN,2026-07-22,140.82001,143.49001,138.89999,140.089996,4768300,2026-08-27 10:18:09.045614+00:00
ACN,2026-07-21,141.33,144.42,140.31,140.86,4771000,2026-08-27 10:18:09.045614+00:00
ACN,2026-07-20,142.84,145.59,140.0,144.73,8070300,2026-08-27 10:18:09.045614+00:00
ACN,2026-07-17,145.0,147.42,139.72,143.57001,10575100,2026-08-27 10:18:09.045614+00:00
ACN,2026-07-16,138.92999,145.52,135.5,144.61,9515800,2026-08-27 10:18:09.045614+00:00
GDDY,2026-08-26,96.57,96.57,94.4,95.84,81437,2026-08-27 10:18:09.045614+00:00
GDDY,2026-08-25,99.47,101.215,98.6,99.79,980212,2026-08-27 10:18:09.045614+00:00
GDDY,2026-08-24,97.11,100.95,97.11,100.52,1318500,2026-08-27 10:18:09.045614+00:00
GDDY,2026-08-21,97.39,97.9,95.51,97.07,1560300,2026-08-27 10:18:09.045614+00:00
GDDY,2026-08-20,96.6,99.14,96.32,98.19,1212100,2026-08-27 10:18:09.045614+00:00
GDDY,2026-08-19,95.72,99.41,95.28,96.84,1333300,2026-08-27 10:18:09.045614+00:00
GDDY,2026-08-18,94.089996,97.65,94.089996,95.8,1464000,2026-08-27 10:18:09.045614+00:00
GDDY,2026-08-17,94.050003,95.37,92.3,92.37,1785200,2026-08-27 10:18:09.045614+00:00
GDDY,2026-08-14,101.56,101.99,94.49,94.91,2086600,2026-08-27 10:18:09.045614+00:00
GDDY,2026-08-13,92.25,100.815,91.27,100.5,3030500,2026-08-27 10:18:09.045614+00:00
GDDY,2026-08-12,88.93,92.37,88.73,91.82,1919800,2026-08-27 10:18:09.045614+00:00
GDDY,2026-08-11,90.55,92.62,90.37,90.74,1734000,2026-08-27 10:18:09.045614+00:00
GDDY,2026-08-10,90.11,91.847,90.0,91.49,1854500,2026-08-27 10:18:09.045614+00:00
GDDY,2026-08-07,90.94,93.45,90.56,91.07,1858200,2026-08-27 10:18:09.045614+00:00
GDDY,2026-08-06,90.28,90.82,87.675,90.35,2011500,2026-08-27 10:18:09.045614+00:00
GDDY,2026-08-05,90.0,92.73,89.215,91.77,1972200,2026-08-27 10:18:09.045614+00:00
GDDY,2026-08-04,88.43,89.71,87.51,89.089996,2209600,2026-08-27 10:18:09.045614+00:00
GDDY,2026-08-03,84.099998,90.059998,83.15,88.45,4575100,2026-08-27 10:18:09.045614+00:00
GDDY,2026-07-31,76.83,84.62,73.099998,82.74,6671000,2026-08-27 10:18:09.045614+00:00
GDDY,2026-07-30,102.010002,102.010002,98.62,99.33,1946800,2026-08-27 10:18:09.045614+00:00
GDDY,2026-07-29,102.099998,106.0,101.0,105.099998,1979200,2026-08-27 10:18:09.045614+00:00
GDDY,2026-07-28,98.95,103.55,98.035004,102.92,2234600,2026-08-27 10:18:09.045614+00:00
GDDY,2026-07-27,95.29,98.255,93.675,96.41,1777700,2026-08-27 10:18:09.045614+00:00
GDDY,2026-07-24,89.019997,93.91,88.99,93.16,1347500,2026-08-27 10:18:09.045614+00:00
GDDY,2026-07-23,89.8,89.81,86.74,87.62,1113200,2026-08-27 10:18:09.045614+00:00
GDDY,2026-07-22,92.86,92.86,88.59,89.4,1173000,2026-08-27 10:18:09.045614+00:00
GDDY,2026-07-21,92.66,94.95,91.9,92.32,1049900,2026-08-27 10:18:09.045614+00:00
GDDY,2026-07-20,92.51,96.13,92.26,94.84,1371600,2026-08-27 10:18:09.045614+00:00
GDDY,2026-07-17,95.16,97.0,92.565,94.35,2292100,2026-08-27 10:18:09.045614+00:00
GDDY,2026-07-16,93.23,96.43,91.8,96.21,2194900,2026-08-27 10:18:09.045614+00:00
ZBRA,2026-08-26,363.37,367.185,359.48,362.98,9076,2026-08-27 10:18:09.045614+00:00
ZBRA,2026-08-25,365.72,366.89999,359.78,360.51999,490641,2026-08-27 10:18:09.045614+00:00
ZBRA,2026-08-24,365.23001,367.98001,358.42999,363.29999,637900,2026-08-27 10:18:09.045614+00:00
ZBRA,2026-08-21,361.26999,371.28,359.35999,368.51001,718600,2026-08-27 10:18:09.045614+00:00
ZBRA,2026-08-20,353.87,364.0,350.35999,360.51999,522600,2026-08-27 10:18:09.045614+00:00
ZBRA,2026-08-19,370.19,371.48999,353.89999,354.64999,714700,2026-08-27 10:18:09.045614+00:00
ZBRA,2026-08-18,368.14999,370.54999,358.67999,366.42001,544300,2026-08-27 10:18:09.045614+00:00
ZBRA,2026-08-17,376.35999,378.12,369.31,371.26001,809400,2026-08-27 10:18:09.045614+00:00
ZBRA,2026-08-14,384.20001,384.20001,371.10999,376.029999,573400,2026-08-27 10:18:09.045614+00:00
ZBRA,2026-08-13,381.10999,382.53,376.14999,379.63,760000,2026-08-27 10:18:09.045614+00:00
ZBRA,2026-08-12,384.23001,386.23001,374.019989,378.37,748500,2026-08-27 10:18:09.045614+00:00
ZBRA,2026-08-11,378.079987,385.10999,376.26001,383.059998,579000,2026-08-27 10:18:09.045614+00:00
ZBRA,2026-08-10,376.79001,380.82001,373.38,378.079987,564400,2026-08-27 10:18:09.045614+00:00
ZBRA,2026-08-07,368.29001,383.63,365.5,376.48999,733700,2026-08-27 10:18:09.045614+00:00
ZBRA,2026-08-06,367.51999,372.29999,363.44,364.23999,734400,2026-08-27 10:18:09.045614+00:00
ZBRA,2026-08-05,366.39999,376.70001,361.82999,368.98999,1385000,2026-08-27 10:18:09.045614+00:00
ZBRA,2026-08-04,330.10001,369.79001,329.47,368.82999,2615000,2026-08-27 10:18:09.045614+00:00
ZBRA,2026-08-03,296.81,300.98999,289.19,291.64001,1301100,2026-08-27 10:18:09.045614+00:00
ZBRA,2026-07-31,289.23999,295.76999,286.29001,293.82001,976900,2026-08-27 10:18:09.045614+00:00
ZBRA,2026-07-30,283.079987,292.76001,276.53,288.57001,759800,2026-08-27 10:18:09.045614+00:00
ZBRA,2026-07-29,284.38,288.59,280.92999,282.98001,1079800,2026-08-27 10:18:09.045614+00:00
ZBRA,2026-07-28,265.14999,284.82999,263.079987,284.39999,1261900,2026-08-27 10:18:09.045614+00:00
ZBRA,2026-07-27,264.019989,268.42001,261.92999,264.59,568200,2026-08-27 10:18:09.045614+00:00
ZBRA,2026-07-24,258.45999,265.62,256.67001,259.92001,406200,2026-08-27 10:18:09.045614+00:00
ZBRA,2026-07-23,262.0,263.59,254.10001,256.95001,630200,2026-08-27 10:18:09.045614+00:00
ZBRA,2026-07-22,260.35999,264.59,257.67999,262.75,653800,2026-08-27 10:18:09.045614+00:00
ZBRA,2026-07-21,264.0,264.64001,253.71001,262.39999,949000,2026-08-27 10:18:09.045614+00:00
ZBRA,2026-07-20,267.81,267.95999,260.29001,264.69,527000,2026-08-27 10:18:09.045614+00:00
ZBRA,2026-07-17,259.70999,269.39999,258.44,267.39999,673600,2026-08-27 10:18:09.045614+00:00
ZBRA,2026-07-16,252.39,266.16,252.25999,265.040009,544900,2026-08-27 10:18:09.045614+00:00
AVGO,2026-08-26,357.105,359.37,350.06,352.69,577113,2026-08-27 10:18:09.045614+00:00
AVGO,2026-08-25,360.995,362.98999,355.32001,356.73999,17929510,2026-08-27 10:18:09.045614+00:00
AVGO,2026-08-24,364.97,366.17001,358.70999,358.76001,18717200,2026-08-27 10:18:09.045614+00:00
AVGO,2026-08-21,370.69,375.13,365.049988,368.45001,19037100,2026-08-27 10:18:09.045614+00:00
AVGO,2026-08-20,364.39001,367.12,362.25,364.029999,19729800,2026-08-27 10:18:09.045614+00:00
AVGO,2026-08-19,372.39999,373.91,357.60999,362.48001,35091400,2026-08-27 10:18:09.045614+00:00
AVGO,2026-08-18,384.32001,385.78,377.01001,380.0,22878200,2026-08-27 10:18:09.045614+00:00
AVGO,2026-08-17,397.26001,399.35999,391.31,392.42999,20042600,2026-08-27 10:18:09.045614+00:00
AVGO,2026-08-14,411.95999,412.5,388.5,392.98999,29513600,2026-08-27 10:18:09.045614+00:00
AVGO,2026-08-13,415.81,424.92001,411.41,417.82001,13180500,2026-08-27 10:18:09.045614+00:00
AVGO,2026-08-12,426.26001,426.5,414.60999,416.049988,15859200,2026-08-27 10:18:09.045614+00:00
AVGO,2026-08-11,426.070007,426.76001,413.23001,416.079987,12882700,2026-08-27 10:18:09.045614+00:00
AVGO,2026-08-10,426.98999,432.73001,420.16,422.39999,13854100,2026-08-27 10:18:09.045614+00:00
AVGO,2026-08-07,428.39999,430.84,421.60999,427.76001,14698300,2026-08-27 10:18:09.045614+00:00
AVGO,2026-08-06,420.54999,428.029999,410.76001,420.57001,13907500,2026-08-27 10:18:09.045614+00:00
AVGO,2026-08-05,421.70001,427.0,416.89001,418.28,16880400,2026-08-27 10:18:09.045614+00:00
AVGO,2026-08-04,402.97,422.070007,400.67999,418.16,29564200,2026-08-27 10:18:09.045614+00:00
AVGO,2026-08-03,384.41,392.60999,374.60999,392.23001,17315100,2026-08-27 10:18:09.045614+00:00
AVGO,2026-07-31,394.82999,399.92001,379.70999,389.28,20391000,2026-08-27 10:18:09.045614+00:00
AVGO,2026-07-30,380.35001,388.67999,377.54001,387.84,23639800,2026-08-27 10:18:09.045614+00:00
AVGO,2026-07-29,380.64001,386.12,369.51001,370.32001,21374400,2026-08-27 10:18:09.045614+00:00
AVGO,2026-07-28,374.35999,385.79999,371.51999,380.91,20328400,2026-08-27 10:18:09.045614+00:00
AVGO,2026-07-27,389.82001,389.89999,373.5,383.22,18502100,2026-08-27 10:18:09.045614+00:00
AVGO,2026-07-24,387.67999,389.26999,378.75,381.92001,15149400,2026-08-27 10:18:09.045614+00:00
AVGO,2026-07-23,392.19,397.60999,386.82001,392.47,16348700,2026-08-27 10:18:09.045614+00:00
AVGO,2026-07-22,380.20001,398.59,380.0,396.81,16966200,2026-08-27 10:18:09.045614+00:00
AVGO,2026-07-21,390.20999,390.57999,379.22,386.5,17291100,2026-08-27 10:18:09.045614+00:00
AVGO,2026-07-20,378.76001,383.59,375.95999,378.16,14420500,2026-08-27 10:18:09.045614+00:00
AVGO,2026-07-17,366.049988,377.35001,357.79999,370.82999,23272200,2026-08-27 10:18:09.045614+00:00
AVGO,2026-07-16,384.54001,386.73999,371.89999,374.45001,23407200,2026-08-27 10:18:09.045614+00:00
JBL,2026-08-26,311.88,315.0,310.76,311.82,14320,2026-08-27 10:18:09.045614+00:00
JBL,2026-08-25,313.01001,313.64499,304.0,308.67999,570044,2026-08-27 10:18:09.045614+00:00
JBL,2026-08-24,309.35999,310.28,300.10999,304.89001,1063700,2026-08-27 10:18:09.045614+00:00
JBL,2026-08-21,320.54999,321.48001,311.22,313.20999,753500,2026-08-27 10:18:09.045614+00:00
JBL,2026-08-20,320.17001,323.79001,315.48001,316.64999,928200,2026-08-27 10:18:09.045614+00:00
JBL,2026-08-19,347.23999,347.23999,321.62,322.76999,917300,2026-08-27 10:18:09.045614+00:00
JBL,2026-08-18,359.78,362.14001,337.5,338.62,1182200,2026-08-27 10:18:09.045614+00:00
JBL,2026-08-17,365.76999,372.23001,364.70999,369.89001,707700,2026-08-27 10:18:09.045614+00:00
JBL,2026-08-14,369.69,370.38,360.51001,363.10001,1049500,2026-08-27 10:18:09.045614+00:00
JBL,2026-08-13,366.0,376.97,364.41,370.35999,938300,2026-08-27 10:18:09.045614+00:00
JBL,2026-08-12,365.79999,370.5,363.57999,366.16,1414600,2026-08-27 10:18:09.045614+00:00
JBL,2026-08-11,350.16,357.72,346.73001,356.60999,1443300,2026-08-27 10:18:09.045614+00:00
JBL,2026-08-10,345.040009,349.25,336.5,336.63,605500,2026-08-27 10:18:09.045614+00:00
JBL,2026-08-07,347.32001,351.23001,338.5,341.22,1057000,2026-08-27 10:18:09.045614+00:00
JBL,2026-08-06,336.57999,351.67001,334.45001,344.67001,1119800,2026-08-27 10:18:09.045614+00:00
JBL,2026-08-05,337.39001,346.56,337.059998,338.62,1000000,2026-08-27 10:18:09.045614+00:00
JBL,2026-08-04,329.31,345.53,327.62,340.0,999900,2026-08-27 10:18:09.045614+00:00
JBL,2026-08-03,304.66,321.94,301.019989,318.39001,938100,2026-08-27 10:18:09.045614+00:00
JBL,2026-07-31,327.12,328.39999,309.29999,315.049988,1266800,2026-08-27 10:18:09.045614+00:00
JBL,2026-07-30,297.95001,309.14001,296.57001,308.51999,1243200,2026-08-27 10:18:09.045614+00:00
JBL,2026-07-29,300.17999,300.17999,285.79999,287.14001,1566700,2026-08-27 10:18:09.045614+00:00
JBL,2026-07-28,304.97,306.35999,290.0,302.95001,1259100,2026-08-27 10:18:09.045614+00:00
JBL,2026-07-27,311.42001,315.12,298.35001,311.48999,907400,2026-08-27 10:18:09.045614+00:00
JBL,2026-07-24,319.089996,322.0,309.84,312.59,914200,2026-08-27 10:18:09.045614+00:00
JBL,2026-07-23,314.64001,325.26999,313.079987,322.040009,860700,2026-08-27 10:18:09.045614+00:00
JBL,2026-07-22,314.16,324.29001,314.16,318.29001,752800,2026-08-27 10:18:09.045614+00:00
JBL,2026-07-21,315.56,320.31,312.17001,318.92999,970700,2026-08-27 10:18:09.045614+00:00
JBL,2026-07-20,304.0,309.97,303.38,305.91,886400,2026-08-27 10:18:09.045614+00:00
JBL,2026-07-17,299.92999,304.88,290.42999,301.01001,1692000,2026-08-27 10:18:09.045614+00:00
JBL,2026-07-16,313.75,315.63,305.25,307.059998,1079800,2026-08-27 10:18:09.045614+00:00
CDW,2026-08-26,142.8,143.0,139.375,141.81,31241,2026-08-27 10:18:09.045614+00:00
CDW,2026-08-25,131.88,142.3,130.56,142.089996,1763005,2026-08-27 10:18:09.045614+00:00
CDW,2026-08-24,135.64,138.33,130.72,132.50999,1597400,2026-08-27 10:18:09.045614+00:00
CDW,2026-08-21,134.089996,140.74001,132.27,137.25,2065600,2026-08-27 10:18:09.045614+00:00
CDW,2026-08-20,137.2,139.89999,133.25,133.53999,2403400,2026-08-27 10:18:09.045614+00:00
CDW,2026-08-19,135.0,138.75999,133.63,137.2,2270800,2026-08-27 10:18:09.045614+00:00
CDW,2026-08-18,134.78999,137.16,134.12,134.97,1267000,2026-08-27 10:18:09.045614+00:00
CDW,2026-08-17,139.77,140.95,134.32001,135.3,1240800,2026-08-27 10:18:09.045614+00:00
CDW,2026-08-14,142.97,142.97,138.75,139.42,1173500,2026-08-27 10:18:09.045614+00:00
CDW,2026-08-13,136.13,142.34,136.13,142.050003,1466500,2026-08-27 10:18:09.045614+00:00
CDW,2026-08-12,135.8,137.14999,132.67999,136.67,1154800,2026-08-27 10:18:09.045614+00:00
CDW,2026-08-11,135.28999,136.95,134.35001,135.37,1282800,2026-08-27 10:18:09.045614+00:00
CDW,2026-08-10,135.0,137.31,134.38,136.42999,1482600,2026-08-27 10:18:09.045614+00:00
CDW,2026-08-07,141.17,141.72,135.53,135.81,2392900,2026-08-27 10:18:09.045614+00:00
CDW,2026-08-06,138.78999,144.13,137.58,141.97,2887700,2026-08-27 10:18:09.045614+00:00
CDW,2026-08-05,115.45,143.67,113.0,140.10001,5811000,2026-08-27 10:18:09.045614+00:00
CDW,2026-08-04,146.73,154.5,146.36,154.0,2931900,2026-08-27 10:18:09.045614+00:00
CDW,2026-08-03,149.45,151.22,147.60001,147.7,1803800,2026-08-27 10:18:09.045614+00:00
CDW,2026-07-31,144.75999,148.42,142.84,147.81,1112600,2026-08-27 10:18:09.045614+00:00
CDW,2026-07-30,146.31,146.31,141.95,145.56,1541400,2026-08-27 10:18:09.045614+00:00
CDW,2026-07-29,145.0,151.17,143.71001,147.92,2560900,2026-08-27 10:18:09.045614+00:00
CDW,2026-07-28,139.64,144.39,138.24001,144.029999,1434900,2026-08-27 10:18:09.045614+00:00
CDW,2026-07-27,135.34,138.77,135.24001,138.039993,1025500,2026-08-27 10:18:09.045614+00:00
CDW,2026-07-24,130.25999,134.42999,129.78999,133.82001,732000,2026-08-27 10:18:09.045614+00:00
CDW,2026-07-23,130.59,132.39,128.84,130.17999,1674600,2026-08-27 10:18:09.045614+00:00
CDW,2026-07-22,130.22,130.96001,127.71,129.83,2120600,2026-08-27 10:18:09.045614+00:00
CDW,2026-07-21,130.0099945,131.41,127.39,129.72,1736900,2026-08-27 10:18:09.045614+00:00
CDW,2026-07-20,132.47,133.55,127.69,130.0099945,1955200,2026-08-27 10:18:09.045614+00:00
CDW,2026-07-17,133.92999,135.59,131.089996,133.24001,2303900,2026-08-27 10:18:09.045614+00:00
CDW,2026-07-16,131.10001,136.86,128.99001,134.34,3366500,2026-08-27 10:18:09.045614+00:00
ROP,2026-08-26,407.24,414.65,407.24,413.535,10281,2026-08-27 10:18:09.045614+00:00
ROP,2026-08-25,412.19,415.34,409.10999,413.37,690660,2026-08-27 10:18:09.045614+00:00
ROP,2026-08-24,414.0,418.75,412.049988,415.51001,619300,2026-08-27 10:18:09.045614+00:00
ROP,2026-08-21,409.95001,413.54001,403.32999,411.79001,588200,2026-08-27 10:18:09.045614+00:00
ROP,2026-08-20,408.01001,412.63,405.44,410.45001,580600,2026-08-27 10:18:09.045614+00:00
ROP,2026-08-19,395.89999,410.76001,394.019989,407.32001,626800,2026-08-27 10:18:09.045614+00:00
ROP,2026-08-18,398.82001,400.82001,394.12,394.17001,514200,2026-08-27 10:18:09.045614+00:00
ROP,2026-08-17,393.26999,396.98001,389.38,389.70999,764200,2026-08-27 10:18:09.045614+00:00
ROP,2026-08-14,400.95001,403.019989,388.76999,399.34,929500,2026-08-27 10:18:09.045614+00:00
ROP,2026-08-13,397.39001,400.13,387.82001,397.5,937600,2026-08-27 10:18:09.045614+00:00
ROP,2026-08-12,389.89001,397.41,389.69,395.23001,480200,2026-08-27 10:18:09.045614+00:00
ROP,2026-08-11,399.48001,404.51001,398.17999,399.5,634700,2026-08-27 10:18:09.045614+00:00
ROP,2026-08-10,397.75,405.76999,397.10001,403.89001,750100,2026-08-27 10:18:09.045614+00:00
ROP,2026-08-07,400.32001,404.26001,394.72,402.25,686600,2026-08-27 10:18:09.045614+00:00
ROP,2026-08-06,397.5,397.63,389.73001,397.079987,607800,2026-08-27 10:18:09.045614+00:00
ROP,2026-08-05,397.42001,399.25,391.5,394.53,745200,2026-08-27 10:18:09.045614+00:00
ROP,2026-08-04,391.98001,393.20001,386.23001,392.76001,922000,2026-08-27 10:18:09.045614+00:00
ROP,2026-08-03,400.97,403.70999,388.34,392.57001,767600,2026-08-27 10:18:09.045614+00:00
ROP,2026-07-31,385.079987,393.64001,381.28,391.97,839100,2026-08-27 10:18:09.045614+00:00
ROP,2026-07-30,397.66,398.29001,381.70999,389.25,1050900,2026-08-27 10:18:09.045614+00:00
ROP,2026-07-29,392.73999,410.26001,390.92999,408.070007,1274000,2026-08-27 10:18:09.045614+00:00
ROP,2026-07-28,385.0,401.23999,384.94,390.92001,1257400,2026-08-27 10:18:09.045614+00:00
ROP,2026-07-27,369.41,380.81,367.51001,375.019989,780700,2026-08-27 10:18:09.045614+00:00
ROP,2026-07-24,362.47,371.28,359.42001,367.34,859100,2026-08-27 10:18:09.045614+00:00
ROP,2026-07-23,365.73999,369.14999,354.17001,355.12,1515100,2026-08-27 10:18:09.045614+00:00
ROP,2026-07-22,350.69,352.070007,335.5,336.70999,975700,2026-08-27 10:18:09.045614+00:00
ROP,2026-07-21,356.35999,360.98999,350.62,350.69,620900,2026-08-27 10:18:09.045614+00:00
ROP,2026-07-20,360.76001,366.64999,355.0,362.84,782300,2026-08-27 10:18:09.045614+00:00
ROP,2026-07-17,363.84,369.070007,358.75,363.14001,967000,2026-08-27 10:18:09.045614+00:00
ROP,2026-07-16,352.25,364.98999,350.70999,364.20999,760800,2026-08-27 10:18:09.045614+00:00
DOW,2026-08-26,29.92,30.355,29.72,30.225,449438,2026-08-27 10:18:09.045614+00:00
DOW,2026-08-25,30.96,30.96,30.145,30.16,9172360,2026-08-27 10:18:09.045614+00:00
DOW,2026-08-24,32.029999,32.049999,31.27,31.44,8242700,2026-08-27 10:18:09.045614+00:00
DOW,2026-08-21,32.78,33.325,32.28,32.35,9183700,2026-08-27 10:18:09.045614+00:00
DOW,2026-08-20,31.77,33.4,31.77,32.9,14366300,2026-08-27 10:18:09.045614+00:00
DOW,2026-08-19,31.4,32.125,31.35,31.75,6137700,2026-08-27 10:18:09.045614+00:00
DOW,2026-08-18,31.6,31.93,31.061001,31.19,7367900,2026-08-27 10:18:09.045614+00:00
DOW,2026-08-17,31.09,31.535,30.82,31.34,6020000,2026-08-27 10:18:09.045614+00:00
DOW,2026-08-14,30.69,31.2,30.63,31.07,7305700,2026-08-27 10:18:09.045614+00:00
DOW,2026-08-13,30.35,30.725,30.185,30.36,6867500,2026-08-27 10:18:09.045614+00:00
DOW,2026-08-12,31.11,31.22,30.495,30.57,6615000,2026-08-27 10:18:09.045614+00:00
DOW,2026-08-11,30.405,31.44,30.405,31.26,7519400,2026-08-27 10:18:09.045614+00:00
DOW,2026-08-10,29.65,30.58,29.545,30.58,7474900,2026-08-27 10:18:09.045614+00:00
DOW,2026-08-07,29.8,29.94,29.265,29.34,9022100,2026-08-27 10:18:09.045614+00:00
DOW,2026-08-06,30.0,30.91,29.72,30.3,9296800,2026-08-27 10:18:09.045614+00:00
DOW,2026-08-05,30.61,30.68,29.17,29.67,10208500,2026-08-27 10:18:09.045614+00:00
DOW,2026-08-04,29.030001,30.449,28.69,30.33,9348800,2026-08-27 10:18:09.045614+00:00
DOW,2026-08-03,30.19,30.45,29.74,29.89,9264400,2026-08-27 10:18:09.045614+00:00
DOW,2026-07-31,29.97,30.51,29.595,30.29,9113800,2026-08-27 10:18:09.045614+00:00
DOW,2026-07-30,30.059999,30.48,29.45,30.09,9163500,2026-08-27 10:18:09.045614+00:00
DOW,2026-07-29,29.67,30.63,29.53,30.45,13813700,2026-08-27 10:18:09.045614+00:00
DOW,2026-07-28,29.0,29.49,28.7,28.85,12162300,2026-08-27 10:18:09.045614+00:00
DOW,2026-07-27,28.93,29.22,28.23,28.75,13172000,2026-08-27 10:18:09.045614+00:00
DOW,2026-07-24,30.61,30.775,29.3,29.84,10427200,2026-08-27 10:18:09.045614+00:00
DOW,2026-07-23,31.8,32.73,30.67,30.9,16614800,2026-08-27 10:18:09.045614+00:00
DOW,2026-07-22,30.99,31.585,30.81,31.25,11532400,2026-08-27 10:18:09.045614+00:00
DOW,2026-07-21,30.62,31.25,30.44,30.47,8324300,2026-08-27 10:18:09.045614+00:00
DOW,2026-07-20,29.75,30.56,29.52,30.37,9089500,2026-08-27 10:18:09.045614+00:00
DOW,2026-07-17,30.01,30.54,29.64,29.92,8538800,2026-08-27 10:18:09.045614+00:00
DOW,2026-07-16,29.64,29.98,29.205,29.3,7007900,2026-08-27 10:18:09.045614+00:00
MOS,2026-08-26,24.845,25.2,24.145,24.435,306725,2026-08-27 10:18:09.045614+00:00
MOS,2026-08-25,23.77,24.4,23.665,24.27,5898256,2026-08-27 10:18:09.045614+00:00
MOS,2026-08-24,24.62,25.18,23.59,24.0,8719600,2026-08-27 10:18:09.045614+00:00
MOS,2026-08-21,23.77,24.76,23.55,24.41,13529800,2026-08-27 10:18:09.045614+00:00
MOS,2026-08-20,22.46,23.45,22.31,23.35,12618800,2026-08-27 10:18:09.045614+00:00
MOS,2026-08-19,21.64,22.53,21.6,22.23,8742000,2026-08-27 10:18:09.045614+00:00
MOS,2026-08-18,21.23,21.43,21.049999,21.14,5862900,2026-08-27 10:18:09.045614+00:00
MOS,2026-08-17,21.62,21.69,20.82,21.23,9230800,2026-08-27 10:18:09.045614+00:00
MOS,2026-08-14,21.74,22.02,21.53,21.61,6031000,2026-08-27 10:18:09.045614+00:00
MOS,2026-08-13,22.6,23.030001,21.41,21.78,7908100,2026-08-27 10:18:09.045614+00:00
MOS,2026-08-12,23.07,23.07,22.35,22.6,5957800,2026-08-27 10:18:09.045614+00:00
MOS,2026-08-11,23.36,23.62,23.049999,23.1,5964800,2026-08-27 10:18:09.045614+00:00
MOS,2026-08-10,22.88,23.48,22.43,23.47,5977300,2026-08-27 10:18:09.045614+00:00
MOS,2026-08-07,23.27,23.41,22.85,23.059999,5695100,2026-08-27 10:18:09.045614+00:00
MOS,2026-08-06,23.0,23.95,22.44,23.46,8337200,2026-08-27 10:18:09.045614+00:00
MOS,2026-08-05,21.7,23.9,21.44,23.41,16529700,2026-08-27 10:18:09.045614+00:00
MOS,2026-08-04,21.9,22.75,21.71,22.71,6729800,2026-08-27 10:18:09.045614+00:00
MOS,2026-08-03,22.27,22.43,21.61,21.81,7808100,2026-08-27 10:18:09.045614+00:00
MOS,2026-07-31,22.65,22.98,22.07,22.12,11169800,2026-08-27 10:18:09.045614+00:00
MOS,2026-07-30,22.64,22.97,22.3,22.77,5714700,2026-08-27 10:18:09.045614+00:00
MOS,2026-07-29,22.98,23.15,22.31,22.62,6934200,2026-08-27 10:18:09.045614+00:00
MOS,2026-07-28,22.77,23.17,22.69,23.08,8426800,2026-08-27 10:18:09.045614+00:00
MOS,2026-07-27,22.42,22.73,22.02,22.34,6903400,2026-08-27 10:18:09.045614+00:00
MOS,2026-07-24,22.25,22.77,22.2,22.3,6457200,2026-08-27 10:18:09.045614+00:00
MOS,2026-07-23,23.030001,23.27,22.09,22.28,6084400,2026-08-27 10:18:09.045614+00:00
MOS,2026-07-22,22.55,22.99,22.29,22.78,8387200,2026-08-27 10:18:09.045614+00:00
MOS,2026-07-21,22.8,22.85,21.9,21.97,7197700,2026-08-27 10:18:09.045614+00:00
MOS,2026-07-20,22.33,22.48,21.72,22.41,5126700,2026-08-27 10:18:09.045614+00:00
MOS,2026-07-17,22.46,22.9,22.09,22.13,6510400,2026-08-27 10:18:09.045614+00:00
MOS,2026-07-16,23.14,23.4,22.38,22.53,6038600,2026-08-27 10:18:09.045614+00:00
APD,2026-08-26,304.03,308.805,303.0,306.67,29434,2026-08-27 10:18:09.045614+00:00
APD,2026-08-25,304.92001,306.57001,302.37,303.85001,832143,2026-08-27 10:18:09.045614+00:00
APD,2026-08-24,304.54999,306.39999,301.95001,306.23999,1187300,2026-08-27 10:18:09.045614+00:00
APD,2026-08-21,301.10999,307.98999,299.89999,305.10001,1356000,2026-08-27 10:18:09.045614+00:00
APD,2026-08-20,302.47,311.0,297.85001,300.32999,1615400,2026-08-27 10:18:09.045614+00:00
APD,2026-08-19,304.12,306.14001,302.51001,303.22,948600,2026-08-27 10:18:09.045614+00:00
APD,2026-08-18,302.67001,304.98001,302.25,303.23001,610000,2026-08-27 10:18:09.045614+00:00
APD,2026-08-17,307.89001,307.98999,299.5,300.85999,898100,2026-08-27 10:18:09.045614+00:00
APD,2026-08-14,305.91,309.20001,304.16,308.97,474500,2026-08-27 10:18:09.045614+00:00
APD,2026-08-13,303.79001,307.34,302.67001,305.51999,710100,2026-08-27 10:18:09.045614+00:00
APD,2026-08-12,308.37,308.54999,302.94,304.070007,613900,2026-08-27 10:18:09.045614+00:00
APD,2026-08-11,307.98001,311.51001,307.25,309.31,796100,2026-08-27 10:18:09.045614+00:00
APD,2026-08-10,303.98999,308.25,301.35001,308.17999,851900,2026-08-27 10:18:09.045614+00:00
APD,2026-08-07,297.23999,303.66,295.85999,303.44,749200,2026-08-27 10:18:09.045614+00:00
APD,2026-08-06,297.53,299.98001,295.67001,299.92001,683600,2026-08-27 10:18:09.045614+00:00
APD,2026-08-05,295.42999,297.070007,293.44,295.089996,911300,2026-08-27 10:18:09.045614+00:00
APD,2026-08-04,290.89999,296.92999,288.0,294.70999,1064000,2026-08-27 10:18:09.045614+00:00
APD,2026-08-03,295.14001,296.01001,290.20001,292.94,1605500,2026-08-27 10:18:09.045614+00:00
APD,2026-07-31,299.57001,301.75,291.38,294.89001,1463900,2026-08-27 10:18:09.045614+00:00
APD,2026-07-30,308.57999,311.079987,297.35001,300.20001,1614400,2026-08-27 10:18:09.045614+00:00
APD,2026-07-29,294.79999,295.53,291.54001,294.26999,1068900,2026-08-27 10:18:09.045614+00:00
APD,2026-07-28,293.10999,298.10001,292.57999,292.85001,1539100,2026-08-27 10:18:09.045614+00:00
APD,2026-07-27,296.5,297.34,291.38,292.57999,1218100,2026-08-27 10:18:09.045614+00:00
APD,2026-07-24,294.76999,298.76001,293.98001,297.87,734700,2026-08-27 10:18:09.045614+00:00
APD,2026-07-23,296.62,299.78,294.079987,294.29001,1296200,2026-08-27 10:18:09.045614+00:00
APD,2026-07-22,298.10001,300.29999,296.01001,297.0,1167300,2026-08-27 10:18:09.045614+00:00
APD,2026-07-21,299.92001,301.97,296.079987,296.39001,1043500,2026-08-27 10:18:09.045614+00:00
APD,2026-07-20,295.10001,298.85999,292.22,296.63,1044300,2026-08-27 10:18:09.045614+00:00
APD,2026-07-17,297.79999,304.51001,294.92001,295.62,909500,2026-08-27 10:18:09.045614+00:00
APD,2026-07-16,292.22,298.28,290.32001,297.29001,1265000,2026-08-27 10:18:09.045614+00:00
STLD,2026-08-26,232.27,236.63,230.88,236.56,28569,2026-08-27 10:18:09.045614+00:00
STLD,2026-08-25,230.74001,232.33501,227.69,231.080002,1318443,2026-08-27 10:18:09.045614+00:00
STLD,2026-08-24,235.64,244.25,227.50999,229.27,2077500,2026-08-27 10:18:09.045614+00:00
STLD,2026-08-21,225.25,230.78,223.50999,228.67999,1999800,2026-08-27 10:18:09.045614+00:00
STLD,2026-08-20,226.87,227.75999,218.020004,219.0,2251800,2026-08-27 10:18:09.045614+00:00
STLD,2026-08-19,252.56,252.56,223.2,231.0099945,2477900,2026-08-27 10:18:09.045614+00:00
STLD,2026-08-18,256.22,257.22,249.089996,249.81,973100,2026-08-27 10:18:09.045614+00:00
STLD,2026-08-17,253.41,259.040009,250.020004,258.16,762500,2026-08-27 10:18:09.045614+00:00
STLD,2026-08-14,262.14001,263.23001,255.11,255.77,891000,2026-08-27 10:18:09.045614+00:00
STLD,2026-08-13,264.85001,264.85001,259.5,260.53,607800,2026-08-27 10:18:09.045614+00:00
STLD,2026-08-12,264.88,264.88,260.23999,263.17999,706000,2026-08-27 10:18:09.045614+00:00
STLD,2026-08-11,267.89001,271.0,263.040009,263.69,925800,2026-08-27 10:18:09.045614+00:00
STLD,2026-08-10,262.70999,269.17999,261.70001,268.60001,1229700,2026-08-27 10:18:09.045614+00:00
STLD,2026-08-07,261.37,262.76001,255.8,262.45001,995000,2026-08-27 10:18:09.045614+00:00
STLD,2026-08-06,266.13,266.60999,260.92001,261.48001,902900,2026-08-27 10:18:09.045614+00:00
STLD,2026-08-05,267.69,273.35999,264.5,265.95999,1104300,2026-08-27 10:18:09.045614+00:00
STLD,2026-08-04,264.0,267.20999,253.60001,265.10001,1659400,2026-08-27 10:18:09.045614+00:00
STLD,2026-08-03,255.72,258.53,245.12,258.38,1037700,2026-08-27 10:18:09.045614+00:00
STLD,2026-07-31,255.23,255.23,250.3,251.25999,902400,2026-08-27 10:18:09.045614+00:00
STLD,2026-07-30,255.080002,255.31,248.029999,252.5,920000,2026-08-27 10:18:09.045614+00:00
STLD,2026-07-29,265.19,265.54999,250.92,252.34,1327800,2026-08-27 10:18:09.045614+00:00
STLD,2026-07-28,250.3,261.39999,250.0,259.73999,1497800,2026-08-27 10:18:09.045614+00:00
STLD,2026-07-27,246.49001,250.84,244.88,250.27,1412600,2026-08-27 10:18:09.045614+00:00
STLD,2026-07-24,240.94,247.67999,239.21001,247.11,862800,2026-08-27 10:18:09.045614+00:00
STLD,2026-07-23,240.47,246.42999,238.19,240.57001,1190700,2026-08-27 10:18:09.045614+00:00
STLD,2026-07-22,235.83,241.55,234.94,238.64,1291100,2026-08-27 10:18:09.045614+00:00
STLD,2026-07-21,239.070007,239.99001,231.96001,233.52,1818100,2026-08-27 10:18:09.045614+00:00
STLD,2026-07-20,235.89,237.37,228.77,230.49001,1770200,2026-08-27 10:18:09.045614+00:00
STLD,2026-07-17,232.7,236.33,229.63,235.50999,812100,2026-08-27 10:18:09.045614+00:00
STLD,2026-07-16,234.11,237.78,233.48,234.98,1286900,2026-08-27 10:18:09.045614+00:00
IFF,2026-08-26,87.62,88.45,87.11,87.25,29485,2026-08-27 10:18:09.045614+00:00
IFF,2026-08-25,85.88,87.34,85.14,87.16,1565863,2026-08-27 10:18:09.045614+00:00
IFF,2026-08-24,84.86,85.97,84.3,85.81,1568900,2026-08-27 10:18:09.045614+00:00
IFF,2026-08-21,84.099998,85.21,83.83,84.28,1092300,2026-08-27 10:18:09.045614+00:00
IFF,2026-08-20,81.97,84.83,81.45,83.39,1263600,2026-08-27 10:18:09.045614+00:00
IFF,2026-08-19,82.36,83.97,81.48,83.33,1202000,2026-08-27 10:18:09.045614+00:00
IFF,2026-08-18,82.13,82.46,80.87,81.0,1050800,2026-08-27 10:18:09.045614+00:00
IFF,2026-08-17,83.43,83.7,81.73,81.83,1175700,2026-08-27 10:18:09.045614+00:00
IFF,2026-08-14,83.89,84.24,83.14,84.18,895900,2026-08-27 10:18:09.045614+00:00
IFF,2026-08-13,84.2,84.72,83.7,84.059998,1113200,2026-08-27 10:18:09.045614+00:00
IFF,2026-08-12,85.27,85.54,83.62,83.85,1640400,2026-08-27 10:18:09.045614+00:00
IFF,2026-08-11,84.86,86.18,84.57,85.0,1632100,2026-08-27 10:18:09.045614+00:00
IFF,2026-08-10,85.0,85.47,83.91,85.089996,1814700,2026-08-27 10:18:09.045614+00:00
IFF,2026-08-07,84.73,85.9,84.14,85.89,1420900,2026-08-27 10:18:09.045614+00:00
IFF,2026-08-06,86.88,86.92,83.76,84.55,2589000,2026-08-27 10:18:09.045614+00:00
IFF,2026-08-05,83.83,89.32,83.83,88.07,3440900,2026-08-27 10:18:09.045614+00:00
IFF,2026-08-04,80.58,81.37,79.47,80.89,1811400,2026-08-27 10:18:09.045614+00:00
IFF,2026-08-03,80.050003,81.63,79.050003,80.58,1659800,2026-08-27 10:18:09.045614+00:00
IFF,2026-07-31,78.58,79.75,78.13,79.22,1643100,2026-08-27 10:18:09.045614+00:00
IFF,2026-07-30,80.099998,80.35,78.48,79.48,1411900,2026-08-27 10:18:09.045614+00:00
IFF,2026-07-29,78.74,79.75,77.7,79.63,1926500,2026-08-27 10:18:09.045614+00:00
IFF,2026-07-28,77.7,79.55,76.9,79.25,1667700,2026-08-27 10:18:09.045614+00:00
IFF,2026-07-27,76.62,77.67,76.26,76.4,1740000,2026-08-27 10:18:09.045614+00:00
IFF,2026-07-24,73.86,76.61,73.78,75.94,1460200,2026-08-27 10:18:09.045614+00:00
IFF,2026-07-23,74.93,75.76,72.11,73.77,3739900,2026-08-27 10:18:09.045614+00:00
IFF,2026-07-22,76.97,77.36,76.36,77.2,1297900,2026-08-27 10:18:09.045614+00:00
IFF,2026-07-21,77.17,77.54,76.12,76.26,1302200,2026-08-27 10:18:09.045614+00:00
IFF,2026-07-20,78.19,78.59,76.71,77.27,1184700,2026-08-27 10:18:09.045614+00:00
IFF,2026-07-17,77.72,80.14,77.54,78.2,1677100,2026-08-27 10:18:09.045614+00:00
IFF,2026-07-16,74.98,77.64,74.94,77.6,1134100,2026-08-27 10:18:09.045614+00:00
ECL,2026-08-26,290.445,295.085,290.28,291.28,63765,2026-08-27 10:18:09.045614+00:00
ECL,2026-08-25,286.98999,290.26999,285.010101,289.54001,1761574,2026-08-27 10:18:09.045614+00:00
ECL,2026-08-24,284.059998,287.38,283.89999,286.98001,1683000,2026-08-27 10:18:09.045614+00:00
ECL,2026-08-21,281.32001,283.64999,278.45001,281.63,2403400,2026-08-27 10:18:09.045614+00:00
ECL,2026-08-20,282.44,286.60001,280.32999,281.48001,1862800,2026-08-27 10:18:09.045614+00:00
ECL,2026-08-19,280.35001,285.78,279.10001,285.62,1555300,2026-08-27 10:18:09.045614+00:00
ECL,2026-08-18,276.39999,282.14999,275.23999,280.0,2087600,2026-08-27 10:18:09.045614+00:00
ECL,2026-08-17,274.12,277.20999,273.32999,275.84,2384200,2026-08-27 10:18:09.045614+00:00
ECL,2026-08-14,275.14001,276.92999,274.29999,276.10999,767300,2026-08-27 10:18:09.045614+00:00
ECL,2026-08-13,278.95001,279.62,274.53,276.26001,874300,2026-08-27 10:18:09.045614+00:00
ECL,2026-08-12,282.47,282.85001,277.88,278.42999,1204900,2026-08-27 10:18:09.045614+00:00
ECL,2026-08-11,282.79001,286.34,281.63,284.63,724900,2026-08-27 10:18:09.045614+00:00
ECL,2026-08-10,284.25,284.89001,281.31,284.39999,942900,2026-08-27 10:18:09.045614+00:00
ECL,2026-08-07,282.72,287.70999,282.20001,285.17001,1106700,2026-08-27 10:18:09.045614+00:00
ECL,2026-08-06,286.62,288.45001,280.73001,283.45999,1223200,2026-08-27 10:18:09.045614+00:00
ECL,2026-08-05,285.0,286.45999,282.37,285.47,1309100,2026-08-27 10:18:09.045614+00:00
ECL,2026-08-04,278.0,283.73001,276.32001,283.14001,1225900,2026-08-27 10:18:09.045614+00:00
ECL,2026-08-03,280.25,281.85999,275.72,279.42999,1595400,2026-08-27 10:18:09.045614+00:00
ECL,2026-07-31,274.39999,279.17001,272.79001,277.63,1656600,2026-08-27 10:18:09.045614+00:00
ECL,2026-07-30,282.0,283.76999,275.75,279.34,1141400,2026-08-27 10:18:09.045614+00:00
ECL,2026-07-29,285.67999,285.67999,278.88,283.70001,1536300,2026-08-27 10:18:09.045614+00:00
ECL,2026-07-28,278.0,284.98999,275.20999,282.89999,1889600,2026-08-27 10:18:09.045614+00:00
ECL,2026-07-27,269.040009,272.29001,269.0,271.38,1515300,2026-08-27 10:18:09.045614+00:00
ECL,2026-07-24,263.75,268.82999,263.20001,268.75,1155100,2026-08-27 10:18:09.045614+00:00
ECL,2026-07-23,262.87,265.47,261.5,263.14001,1224500,2026-08-27 10:18:09.045614+00:00
ECL,2026-07-22,266.42999,267.37,263.049988,266.88,1115600,2026-08-27 10:18:09.045614+00:00
ECL,2026-07-21,267.16,268.32001,263.22,264.20001,1194400,2026-08-27 10:18:09.045614+00:00
ECL,2026-07-20,272.67999,273.94,266.13,268.64999,1147200,2026-08-27 10:18:09.045614+00:00
ECL,2026-07-17,277.64999,281.20001,272.089996,272.82999,1177000,2026-08-27 10:18:09.045614+00:00
ECL,2026-07-16,269.059998,275.73999,268.67999,275.70999,1202100,2026-08-27 10:18:09.045614+00:00
LIN,2026-08-26,488.9,494.35,488.11,490.26,53142,2026-08-27 10:18:09.045614+00:00
LIN,2026-08-25,489.20001,490.62,485.12,487.20001,1785063,2026-08-27 10:18:09.045614+00:00
LIN,2026-08-24,488.44,491.48999,485.0,490.029999,2184100,2026-08-27 10:18:09.045614+00:00
LIN,2026-08-21,486.35001,491.76999,482.47,487.57001,2048400,2026-08-27 10:18:09.045614+00:00
LIN,2026-08-20,481.25,489.79999,479.37,481.29001,1811400,2026-08-27 10:18:09.045614+00:00
LIN,2026-08-19,478.48999,483.97,478.0,481.13,2847100,2026-08-27 10:18:09.045614+00:00
LIN,2026-08-18,481.67001,483.48001,477.70999,478.70999,2401000,2026-08-27 10:18:09.045614+00:00
LIN,2026-08-17,482.0,482.37,473.049988,474.32999,1745800,2026-08-27 10:18:09.045614+00:00
LIN,2026-08-14,479.089996,483.48999,477.13,482.73999,1365100,2026-08-27 10:18:09.045614+00:00
LIN,2026-08-13,479.85999,483.29001,475.75,478.20001,2197600,2026-08-27 10:18:09.045614+00:00
LIN,2026-08-12,487.85001,490.34,478.75,479.42999,2336900,2026-08-27 10:18:09.045614+00:00
LIN,2026-08-11,491.040009,495.95999,489.98001,490.53,1332200,2026-08-27 10:18:09.045614+00:00
LIN,2026-08-10,489.29001,492.57999,487.019989,492.45999,1877600,2026-08-27 10:18:09.045614+00:00
LIN,2026-08-07,486.57999,493.040009,486.20001,489.98001,1731300,2026-08-27 10:18:09.045614+00:00
LIN,2026-08-06,497.92999,499.17999,489.35001,490.10999,2062400,2026-08-27 10:18:09.045614+00:00
LIN,2026-08-05,490.42999,494.73001,488.72,491.049988,2209600,2026-08-27 10:18:09.045614+00:00
LIN,2026-08-04,481.98999,485.60001,478.5,484.64001,2974700,2026-08-27 10:18:09.045614+00:00
LIN,2026-08-03,483.070007,485.0,476.41,480.45999,2806200,2026-08-27 10:18:09.045614+00:00
LIN,2026-07-31,474.98001,483.95001,466.88,478.38,5221600,2026-08-27 10:18:09.045614+00:00
LIN,2026-07-30,510.42001,514.78003,502.62,508.64001,2360800,2026-08-27 10:18:09.045614+00:00
LIN,2026-07-29,511.78,513.65002,505.14001,511.17001,2030200,2026-08-27 10:18:09.045614+00:00
LIN,2026-07-28,512.059998,522.0,509.98999,511.17999,2339600,2026-08-27 10:18:09.045614+00:00
LIN,2026-07-27,513.33002,515.0,506.47,507.019989,1656100,2026-08-27 10:18:09.045614+00:00
LIN,2026-07-24,505.45001,512.91998,504.89001,512.28003,1327200,2026-08-27 10:18:09.045614+00:00
LIN,2026-07-23,503.87,510.92001,502.10001,506.32001,1808400,2026-08-27 10:18:09.045614+00:00
LIN,2026-07-22,506.85001,510.95999,505.10001,508.67001,1636600,2026-08-27 10:18:09.045614+00:00
LIN,2026-07-21,511.89999,512.83002,502.85999,505.029999,1777100,2026-08-27 10:18:09.045614+00:00
LIN,2026-07-20,513.58002,516.5,510.94,512.049988,1583600,2026-08-27 10:18:09.045614+00:00
LIN,2026-07-17,522.17999,527.46002,511.70001,513.21997,2780800,2026-08-27 10:18:09.045614+00:00
LIN,2026-07-16,513.23999,522.15997,510.67001,520.73999,2046100,2026-08-27 10:18:09.045614+00:00
ALB,2026-08-26,132.96,135.42,131.34,134.335,35906,2026-08-27 10:18:09.045614+00:00
ALB,2026-08-25,136.3,137.0,132.185,133.17999,2267398,2026-08-27 10:18:09.045614+00:00
ALB,2026-08-24,143.25,144.059998,140.0,141.50999,2174500,2026-08-27 10:18:09.045614+00:00
ALB,2026-08-21,139.85001,143.94,139.22,143.25,3302100,2026-08-27 10:18:09.045614+00:00
ALB,2026-08-20,132.89999,136.059998,132.8,134.19,1618800,2026-08-27 10:18:09.045614+00:00
ALB,2026-08-19,134.41,135.95,131.19,134.28,1545200,2026-08-27 10:18:09.045614+00:00
ALB,2026-08-18,131.0,132.92999,129.85001,132.71001,1277800,2026-08-27 10:18:09.045614+00:00
ALB,2026-08-17,135.14,135.45,132.19,133.99001,1976800,2026-08-27 10:18:09.045614+00:00
ALB,2026-08-14,132.029999,137.32001,131.64999,136.14999,2340800,2026-08-27 10:18:09.045614+00:00
ALB,2026-08-13,128.0,133.67,127.12,130.48,2106100,2026-08-27 10:18:09.045614+00:00
ALB,2026-08-12,131.77,132.33,127.56,128.34,1921600,2026-08-27 10:18:09.045614+00:00
ALB,2026-08-11,130.45,132.47,128.62,129.36,1482500,2026-08-27 10:18:09.045614+00:00
ALB,2026-08-10,131.38,133.22,129.0,131.21001,2424800,2026-08-27 10:18:09.045614+00:00
ALB,2026-08-07,129.25,132.99001,125.64,131.11,2632600,2026-08-27 10:18:09.045614+00:00
ALB,2026-08-06,127.73,129.98,123.54,125.42,4201400,2026-08-27 10:18:09.045614+00:00
ALB,2026-08-05,122.050003,122.98,118.41,118.84,2690400,2026-08-27 10:18:09.045614+00:00
ALB,2026-08-04,120.43,121.81,119.23,120.82,2293100,2026-08-27 10:18:09.045614+00:00
ALB,2026-08-03,116.2,120.37,115.59,118.71,2150200,2026-08-27 10:18:09.045614+00:00
ALB,2026-07-31,116.8,118.79,116.0,117.64,3649500,2026-08-27 10:18:09.045614+00:00
ALB,2026-07-30,116.47,118.56,115.94,117.76,2179600,2026-08-27 10:18:09.045614+00:00
ALB,2026-07-29,115.29,117.0,112.22,113.88,2294800,2026-08-27 10:18:09.045614+00:00
ALB,2026-07-28,115.059998,115.79,111.55,113.16,2304300,2026-08-27 10:18:09.045614+00:00
ALB,2026-07-27,114.92,117.19,113.75,116.18,2392300,2026-08-27 10:18:09.045614+00:00
ALB,2026-07-24,116.62,119.6,114.75,114.85,1637900,2026-08-27 10:18:09.045614+00:00
ALB,2026-07-23,119.21,120.8,115.97,116.91,1822400,2026-08-27 10:18:09.045614+00:00
ALB,2026-07-22,119.4,123.31,116.9,117.45,2610100,2026-08-27 10:18:09.045614+00:00
ALB,2026-07-21,119.36,119.55,115.6,118.62,2746800,2026-08-27 10:18:09.045614+00:00
ALB,2026-07-20,121.0,121.5,116.86,118.2,2216400,2026-08-27 10:18:09.045614+00:00
ALB,2026-07-17,116.41,122.26,116.41,120.78,2286300,2026-08-27 10:18:09.045614+00:00
ALB,2026-07-16,121.69,122.5,117.59,119.46,2263300,2026-08-27 10:18:09.045614+00:00
SW,2026-08-26,49.91,50.52,49.43,49.82,56983,2026-08-27 10:18:09.045614+00:00
SW,2026-08-25,49.38,49.59,48.245,49.43,3180646,2026-08-27 10:18:09.045614+00:00
SW,2026-08-24,49.59,50.15,48.66,48.69,4692600,2026-08-27 10:18:09.045614+00:00
SW,2026-08-21,48.71,49.63,48.25,49.39,3810100,2026-08-27 10:18:09.045614+00:00
SW,2026-08-20,47.89,49.435,47.73,48.19,5625800,2026-08-27 10:18:09.045614+00:00
SW,2026-08-19,47.69,48.77,47.205,48.71,5407000,2026-08-27 10:18:09.045614+00:00
SW,2026-08-18,47.65,48.049999,47.23,47.3,2705400,2026-08-27 10:18:09.045614+00:00
SW,2026-08-17,49.53,49.53,47.78,47.81,3986100,2026-08-27 10:18:09.045614+00:00
SW,2026-08-14,49.57,49.66,49.0,49.25,4917700,2026-08-27 10:18:09.045614+00:00
SW,2026-08-13,49.66,50.19,49.28,50.02,4194700,2026-08-27 10:18:09.045614+00:00
SW,2026-08-12,49.81,49.93,48.25,49.25,3332100,2026-08-27 10:18:09.045614+00:00
SW,2026-08-11,48.02,49.69,47.16,49.62,6415900,2026-08-27 10:18:09.045614+00:00
SW,2026-08-10,47.84,47.91,47.23,47.59,3449600,2026-08-27 10:18:09.045614+00:00
SW,2026-08-07,47.099998,48.31,46.655,48.28,3365300,2026-08-27 10:18:09.045614+00:00
SW,2026-08-06,48.0,48.11,46.71,46.93,3867200,2026-08-27 10:18:09.045614+00:00
SW,2026-08-05,48.48,48.83,47.95,48.47,4210300,2026-08-27 10:18:09.045614+00:00
SW,2026-08-04,47.35,48.64,46.82,48.52,4433400,2026-08-27 10:18:09.045614+00:00
SW,2026-08-03,46.76,47.15,45.565,46.88,4543200,2026-08-27 10:18:09.045614+00:00
SW,2026-07-31,47.51,48.31,45.29,45.97,6943900,2026-08-27 10:18:09.045614+00:00
SW,2026-07-30,48.37,48.38,46.84,47.52,4702800,2026-08-27 10:18:09.045614+00:00
SW,2026-07-29,47.46,48.67,46.875,48.26,6064200,2026-08-27 10:18:09.045614+00:00
SW,2026-07-28,51.0,51.99,50.58,50.8,9513700,2026-08-27 10:18:09.045614+00:00
SW,2026-07-27,49.36,50.115,48.22,50.09,8429900,2026-08-27 10:18:09.045614+00:00
SW,2026-07-24,43.55,48.7,43.55,48.56,8936000,2026-08-27 10:18:09.045614+00:00
SW,2026-07-23,43.99,44.71,43.080002,43.71,4229700,2026-08-27 10:18:09.045614+00:00
SW,2026-07-22,43.14,44.66,42.81,44.51,4038500,2026-08-27 10:18:09.045614+00:00
SW,2026-07-21,44.09,44.295,42.42,43.060001,3595300,2026-08-27 10:18:09.045614+00:00
SW,2026-07-20,44.72,44.81,43.080002,43.14,4789200,2026-08-27 10:18:09.045614+00:00
SW,2026-07-17,44.8,45.68,43.915,44.3,4809900,2026-08-27 10:18:09.045614+00:00
SW,2026-07-16,43.57,44.89,43.52,44.77,4123200,2026-08-27 10:18:09.045614+00:00
CF,2026-08-26,125.85,128.52,124.29,126.225,53664,2026-08-27 10:18:09.045614+00:00
CF,2026-08-25,126.44,128.92999,125.755,127.26,2140223,2026-08-27 10:18:09.045614+00:00
CF,2026-08-24,129.99001,132.55,127.82,129.24001,2034400,2026-08-27 10:18:09.045614+00:00
CF,2026-08-21,127.43,131.7,127.22,129.60001,3900700,2026-08-27 10:18:09.045614+00:00
CF,2026-08-20,121.59,129.17999,121.5,125.7,3316000,2026-08-27 10:18:09.045614+00:00
CF,2026-08-19,120.54,123.88,118.93,119.019997,2349100,2026-08-27 10:18:09.045614+00:00
CF,2026-08-18,120.41,121.99,119.0,119.72,2438900,2026-08-27 10:18:09.045614+00:00
CF,2026-08-17,118.24,119.13,116.74,117.78,2030200,2026-08-27 10:18:09.045614+00:00
CF,2026-08-14,117.46,119.11,117.07,118.3,1277100,2026-08-27 10:18:09.045614+00:00
CF,2026-08-13,117.66,120.55,116.089996,117.050003,2065400,2026-08-27 10:18:09.045614+00:00
CF,2026-08-12,115.76,120.18,113.81,120.010002,3091400,2026-08-27 10:18:09.045614+00:00
CF,2026-08-11,120.27,121.53,117.27,117.8,3098100,2026-08-27 10:18:09.045614+00:00
CF,2026-08-10,115.5,121.6,115.5,121.48,2779400,2026-08-27 10:18:09.045614+00:00
CF,2026-08-07,114.4,115.77,111.89,114.35,2041000,2026-08-27 10:18:09.045614+00:00
CF,2026-08-06,111.99,117.18,109.43,116.73,3183200,2026-08-27 10:18:09.045614+00:00
CF,2026-08-05,118.47,118.67,115.76,116.71,2690400,2026-08-27 10:18:09.045614+00:00
CF,2026-08-04,117.0,118.68,115.12,118.11,2040200,2026-08-27 10:18:09.045614+00:00
CF,2026-08-03,123.0,123.97,117.72,118.3,2173200,2026-08-27 10:18:09.045614+00:00
CF,2026-07-31,126.0,127.55,124.17,125.19,2354300,2026-08-27 10:18:09.045614+00:00
CF,2026-07-30,125.56,127.19,124.54,125.77,1569100,2026-08-27 10:18:09.045614+00:00
CF,2026-07-29,125.81,127.83,125.059998,127.35,1796900,2026-08-27 10:18:09.045614+00:00
CF,2026-07-28,121.49,123.64,120.86,122.92,2184800,2026-08-27 10:18:09.045614+00:00
CF,2026-07-27,121.77,121.98,119.14,119.78,2508600,2026-08-27 10:18:09.045614+00:00
CF,2026-07-24,126.49,127.0,123.040001,125.07,1418800,2026-08-27 10:18:09.045614+00:00
CF,2026-07-23,130.0,130.050003,125.59,126.71,1814000,2026-08-27 10:18:09.045614+00:00
CF,2026-07-22,125.84,127.48,124.81,127.35,2035800,2026-08-27 10:18:09.045614+00:00
CF,2026-07-21,124.19,125.81,122.35,122.96,2348100,2026-08-27 10:18:09.045614+00:00
CF,2026-07-20,121.099998,125.38,120.77,123.57,2798000,2026-08-27 10:18:09.045614+00:00
CF,2026-07-17,119.96,123.0,119.52,121.42,3066300,2026-08-27 10:18:09.045614+00:00
CF,2026-07-16,119.52,121.71,118.34,118.66,2152000,2026-08-27 10:18:09.045614+00:00
VMRK,2026-08-26,67.59,67.735,66.89,67.0,134669,2026-08-27 10:18:09.045614+00:00
VMRK,2026-08-25,68.019997,68.32,67.335,67.62,5760447,2026-08-27 10:18:09.045614+00:00
VMRK,2026-08-24,67.36,68.62,67.36,68.14,6268000,2026-08-27 10:18:09.045614+00:00
VMRK,2026-08-21,65.28,66.91,65.28,66.79,7163100,2026-08-27 10:18:09.045614+00:00
VMRK,2026-08-20,65.33,66.0,64.72,65.14,4329600,2026-08-27 10:18:09.045614+00:00
VMRK,2026-08-19,64.27,64.99,63.68,64.35,6131900,2026-08-27 10:18:09.045614+00:00
VMRK,2026-08-18,64.16,65.050003,63.69,64.029999,6385300,2026-08-27 10:18:09.045614+00:00
VMRK,2026-08-17,65.96,66.099998,63.26,63.66,17443300,2026-08-27 10:18:09.045614+00:00
VMRK,2026-08-14,66.13,66.45,65.41,65.97,7322800,2026-08-27 10:18:09.045614+00:00
VMRK,2026-08-13,65.089996,66.65,64.75,65.97,4154300,2026-08-27 10:18:09.045614+00:00
VMRK,2026-08-12,65.040001,65.27,64.3,64.42,7042800,2026-08-27 10:18:09.045614+00:00
VMRK,2026-08-11,65.59,65.94,65.040001,65.089996,2283700,2026-08-27 10:18:09.045614+00:00
VMRK,2026-08-10,66.53,66.66,65.5,65.83,1875900,2026-08-27 10:18:09.045614+00:00
VMRK,2026-08-07,66.5,67.44,66.26,67.07,2136000,2026-08-27 10:18:09.045614+00:00
VMRK,2026-08-06,67.75,68.51,66.46,66.7,1900700,2026-08-27 10:18:09.045614+00:00
VMRK,2026-08-05,67.86,68.19,67.31,67.74,2399700,2026-08-27 10:18:09.045614+00:00
VMRK,2026-08-04,67.21,67.82,66.74,67.69,2201500,2026-08-27 10:18:09.045614+00:00
VMRK,2026-08-03,66.22,67.66,66.17,67.57,2640100,2026-08-27 10:18:09.045614+00:00
VMRK,2026-07-31,66.93,67.17,66.29,66.45,3905100,2026-08-27 10:18:09.045614+00:00
VMRK,2026-07-30,68.23,69.47,66.63,67.12,2579100,2026-08-27 10:18:09.045614+00:00
VMRK,2026-07-29,68.61,68.97,68.27,68.85,2824200,2026-08-27 10:18:09.045614+00:00
VMRK,2026-07-28,67.79,68.63,67.37,68.089996,4454300,2026-08-27 10:18:09.045614+00:00
VMRK,2026-07-27,67.58,68.14,67.21,67.24,3352600,2026-08-27 10:18:09.045614+00:00
VMRK,2026-07-24,68.44,68.98,67.48,67.86,5065500,2026-08-27 10:18:09.045614+00:00
VMRK,2026-07-23,69.0,69.29,67.95,68.28,5285100,2026-08-27 10:18:09.045614+00:00
VMRK,2026-07-22,68.61,68.76,67.95,68.29,2869000,2026-08-27 10:18:09.045614+00:00
VMRK,2026-07-21,68.71,68.86,68.19,68.29,2641500,2026-08-27 10:18:09.045614+00:00
VMRK,2026-07-20,69.0,69.32,68.56,68.8,2213700,2026-08-27 10:18:09.045614+00:00
VMRK,2026-07-17,70.24,70.75,68.56,69.0,2321500,2026-08-27 10:18:09.045614+00:00
VMRK,2026-07-16,68.49,70.13,68.49,70.0,2187500,2026-08-27 10:18:09.045614+00:00
IRM,2026-08-26,120.965,122.68,120.735,121.025,28380,2026-08-27 10:18:09.045614+00:00
IRM,2026-08-25,122.62,123.86,120.595,120.9,986636,2026-08-27 10:18:09.045614+00:00
IRM,2026-08-24,121.69,121.69,117.85,121.19,1555200,2026-08-27 10:18:09.045614+00:00
IRM,2026-08-21,123.28,125.010002,121.58,122.019997,827400,2026-08-27 10:18:09.045614+00:00
IRM,2026-08-20,122.080002,123.93,121.3,122.94,1380000,2026-08-27 10:18:09.045614+00:00
IRM,2026-08-19,127.56,129.070007,120.2,122.080002,1481500,2026-08-27 10:18:09.045614+00:00
IRM,2026-08-18,129.45,130.0,126.63,126.67,1213700,2026-08-27 10:18:09.045614+00:00
IRM,2026-08-17,129.2,130.050003,126.13,129.89999,1209800,2026-08-27 10:18:09.045614+00:00
IRM,2026-08-14,126.38,129.85001,124.77,129.42999,874600,2026-08-27 10:18:09.045614+00:00
IRM,2026-08-13,124.67,126.92,124.010002,126.62,1181100,2026-08-27 10:18:09.045614+00:00
IRM,2026-08-12,122.39,125.029999,122.39,124.36,1096300,2026-08-27 10:18:09.045614+00:00
IRM,2026-08-11,121.92,123.25,121.84,122.39,1503100,2026-08-27 10:18:09.045614+00:00
IRM,2026-08-10,120.48,122.82,120.3,121.56,2068800,2026-08-27 10:18:09.045614+00:00
IRM,2026-08-07,122.7,123.26,120.53,121.15,1491800,2026-08-27 10:18:09.045614+00:00
IRM,2026-08-06,127.26,127.59,121.4,121.96,2882900,2026-08-27 10:18:09.045614+00:00
IRM,2026-08-05,128.89999,129.39999,120.42,127.13,2711900,2026-08-27 10:18:09.045614+00:00
IRM,2026-08-04,123.050003,126.37,121.89,125.51,2511100,2026-08-27 10:18:09.045614+00:00
IRM,2026-08-03,122.17,125.59,119.82,124.080002,1889800,2026-08-27 10:18:09.045614+00:00
IRM,2026-07-31,126.27,126.27,122.13,122.32,2939400,2026-08-27 10:18:09.045614+00:00
IRM,2026-07-30,123.040001,126.68,122.5,124.64,2745900,2026-08-27 10:18:09.045614+00:00
IRM,2026-07-29,124.61,125.12,120.51,120.75,1802600,2026-08-27 10:18:09.045614+00:00
IRM,2026-07-28,126.35,126.53,122.82,125.7,1168900,2026-08-27 10:18:09.045614+00:00
IRM,2026-07-27,129.64,132.53,124.71,126.99,1455000,2026-08-27 10:18:09.045614+00:00
IRM,2026-07-24,127.019997,132.87,125.33,128.31,1808100,2026-08-27 10:18:09.045614+00:00
IRM,2026-07-23,122.81,126.18,122.14,124.55,1660700,2026-08-27 10:18:09.045614+00:00
IRM,2026-07-22,125.52,126.24,123.98,124.51,1229800,2026-08-27 10:18:09.045614+00:00
IRM,2026-07-21,125.23,128.25999,124.97,125.56,1537300,2026-08-27 10:18:09.045614+00:00
IRM,2026-07-20,123.66,125.91,122.74,124.23,1775600,2026-08-27 10:18:09.045614+00:00
IRM,2026-07-17,120.74,125.11,119.12,123.82,2105100,2026-08-27 10:18:09.045614+00:00
IRM,2026-07-16,123.080002,124.47,121.3,121.66,2244300,2026-08-27 10:18:09.045614+00:00
SPG,2026-08-26,218.5,218.76,217.2,218.1,21006,2026-08-27 10:18:09.045614+00:00
SPG,2026-08-25,221.33,221.33,218.81,218.99001,843357,2026-08-27 10:18:09.045614+00:00
SPG,2026-08-24,219.34,221.72,218.32001,220.73,1015300,2026-08-27 10:18:09.045614+00:00
SPG,2026-08-21,220.0099945,220.28999,217.28999,218.28999,1040100,2026-08-27 10:18:09.045614+00:00
SPG,2026-08-20,222.080002,223.0099945,219.83,219.89999,1140100,2026-08-27 10:18:09.045614+00:00
SPG,2026-08-19,222.039993,223.66,221.67999,223.17999,916900,2026-08-27 10:18:09.045614+00:00
SPG,2026-08-18,223.14999,223.3,220.55,220.61,820100,2026-08-27 10:18:09.045614+00:00
SPG,2026-08-17,218.48,221.73,217.62,221.67,1125700,2026-08-27 10:18:09.045614+00:00
SPG,2026-08-14,221.17,222.39,218.89999,219.58,976200,2026-08-27 10:18:09.045614+00:00
SPG,2026-08-13,222.089996,223.63,221.2,221.47,1089600,2026-08-27 10:18:09.045614+00:00
SPG,2026-08-12,221.48,221.48,218.91,220.56,1582900,2026-08-27 10:18:09.045614+00:00
SPG,2026-08-11,220.27,223.53,219.059998,219.53,1877200,2026-08-27 10:18:09.045614+00:00
SPG,2026-08-10,221.14999,223.42,218.33,220.55,1244800,2026-08-27 10:18:09.045614+00:00
SPG,2026-08-07,221.75999,223.080002,219.56,222.91,1318400,2026-08-27 10:18:09.045614+00:00
SPG,2026-08-06,226.61,226.61,221.070007,221.83,1390400,2026-08-27 10:18:09.045614+00:00
SPG,2026-08-05,226.28999,226.28999,222.27,224.81,2227300,2026-08-27 10:18:09.045614+00:00
SPG,2026-08-04,227.60001,228.5,224.029999,225.89999,1960900,2026-08-27 10:18:09.045614+00:00
SPG,2026-08-03,230.28,231.42,227.87,229.16,1308300,2026-08-27 10:18:09.045614+00:00
SPG,2026-07-31,231.34,231.87,228.62,229.37,1383300,2026-08-27 10:18:09.045614+00:00
SPG,2026-07-30,235.0,235.27,229.029999,230.44,1244800,2026-08-27 10:18:09.045614+00:00
SPG,2026-07-29,236.74001,238.5,234.46001,235.61,1375200,2026-08-27 10:18:09.045614+00:00
SPG,2026-07-28,234.95,237.89,234.070007,236.7,1717400,2026-08-27 10:18:09.045614+00:00
SPG,2026-07-27,229.66,231.73,229.36,231.67,896900,2026-08-27 10:18:09.045614+00:00
SPG,2026-07-24,226.47,229.85001,225.83,229.78,983800,2026-08-27 10:18:09.045614+00:00
SPG,2026-07-23,225.38,227.78999,224.22,225.2,1255400,2026-08-27 10:18:09.045614+00:00
SPG,2026-07-22,227.14999,227.8,225.32001,226.22,1170100,2026-08-27 10:18:09.045614+00:00
SPG,2026-07-21,229.91,230.0,226.25999,226.78999,1908000,2026-08-27 10:18:09.045614+00:00
SPG,2026-07-20,229.14999,230.88,227.25,228.19,1500900,2026-08-27 10:18:09.045614+00:00
SPG,2026-07-17,229.050003,231.53,226.87,228.7,1407900,2026-08-27 10:18:09.045614+00:00
SPG,2026-07-16,223.0,228.61,222.8,228.49001,1318500,2026-08-27 10:18:09.045614+00:00
MAA,2026-08-26,132.905,132.905,131.42,132.15,21502,2026-08-27 10:18:09.045614+00:00
MAA,2026-08-25,132.91,133.235,131.73,131.98,499952,2026-08-27 10:18:09.045614+00:00
MAA,2026-08-24,131.75,134.039993,131.75,133.16,686600,2026-08-27 10:18:09.045614+00:00
MAA,2026-08-21,132.28999,132.64,131.27,131.31,797100,2026-08-27 10:18:09.045614+00:00
MAA,2026-08-20,131.44,133.53999,131.28999,132.059998,953800,2026-08-27 10:18:09.045614+00:00
MAA,2026-08-19,131.0,132.75999,130.50999,131.47,575300,2026-08-27 10:18:09.045614+00:00
MAA,2026-08-18,132.16,132.42999,130.14,130.17,792000,2026-08-27 10:18:09.045614+00:00
MAA,2026-08-17,133.0,133.28999,131.0,131.12,780800,2026-08-27 10:18:09.045614+00:00
MAA,2026-08-14,134.28,135.39,133.27,133.49001,596600,2026-08-27 10:18:09.045614+00:00
MAA,2026-08-13,132.92,135.73,132.92,134.2,1018500,2026-08-27 10:18:09.045614+00:00
MAA,2026-08-12,131.0,132.63,130.52,132.33,701500,2026-08-27 10:18:09.045614+00:00
MAA,2026-08-11,131.14999,132.64999,131.14999,131.74001,745000,2026-08-27 10:18:09.045614+00:00
MAA,2026-08-10,134.55,135.039993,131.85001,132.34,731300,2026-08-27 10:18:09.045614+00:00
MAA,2026-08-07,133.38,135.24001,132.32001,134.96001,864700,2026-08-27 10:18:09.045614+00:00
MAA,2026-08-06,137.0,137.0,132.92999,133.63,1158700,2026-08-27 10:18:09.045614+00:00
MAA,2026-08-05,133.75999,134.75,132.86,134.56,781100,2026-08-27 10:18:09.045614+00:00
MAA,2026-08-04,132.28,133.66,131.45,133.21001,959900,2026-08-27 10:18:09.045614+00:00
MAA,2026-08-03,132.34,134.47,132.34,133.47,1061000,2026-08-27 10:18:09.045614+00:00
MAA,2026-07-31,132.59,133.81,131.5,132.34,2198000,2026-08-27 10:18:09.045614+00:00
MAA,2026-07-30,134.28999,136.46001,131.98,133.32001,2063600,2026-08-27 10:18:09.045614+00:00
MAA,2026-07-29,136.53,137.82001,136.0,137.38,1357000,2026-08-27 10:18:09.045614+00:00
MAA,2026-07-28,135.050003,136.87,134.82001,135.64,1480900,2026-08-27 10:18:09.045614+00:00
MAA,2026-07-27,133.77,135.050003,133.17,133.46001,842500,2026-08-27 10:18:09.045614+00:00
MAA,2026-07-24,133.64999,134.28,132.85001,133.88,898500,2026-08-27 10:18:09.045614+00:00
MAA,2026-07-23,131.38,133.050003,131.35001,132.75,1199000,2026-08-27 10:18:09.045614+00:00
MAA,2026-07-22,132.47,132.98,131.080002,131.57001,849600,2026-08-27 10:18:09.045614+00:00
MAA,2026-07-21,133.029999,133.84,132.020004,132.24001,629000,2026-08-27 10:18:09.045614+00:00
MAA,2026-07-20,133.17,133.94,132.87,133.71001,1451100,2026-08-27 10:18:09.045614+00:00
MAA,2026-07-17,135.47,136.5,131.78999,132.96001,996500,2026-08-27 10:18:09.045614+00:00
MAA,2026-07-16,131.69,135.17,131.69,134.86,1154800,2026-08-27 10:18:09.045614+00:00
EQIX,2026-08-26,1076.57,1084.61,1064.05,1076.06,10901,2026-08-27 10:18:09.045614+00:00
EQIX,2026-08-25,1054.40002,1086.97998,1027.93994,1073.43994,434280,2026-08-27 10:18:09.045614+00:00
EQIX,2026-08-24,1066.70996,1072.5,1033.82996,1055.19995,681000,2026-08-27 10:18:09.045614+00:00
EQIX,2026-08-21,1098.34998,1098.34998,1058.58997,1065.39001,554600,2026-08-27 10:18:09.045614+00:00
EQIX,2026-08-20,1075.5,1086.67004,1064.62,1082.60999,358100,2026-08-27 10:18:09.045614+00:00
EQIX,2026-08-19,1089.0,1093.37,1043.98999,1077.079956,509400,2026-08-27 10:18:09.045614+00:00
EQIX,2026-08-18,1103.57996,1107.41003,1084.90002,1085.089966,418000,2026-08-27 10:18:09.045614+00:00
EQIX,2026-08-17,1105.81006,1109.21997,1091.30005,1097.60999,750200,2026-08-27 10:18:09.045614+00:00
EQIX,2026-08-14,1080.0,1105.93994,1072.59998,1102.099976,468700,2026-08-27 10:18:09.045614+00:00
EQIX,2026-08-13,1073.37,1080.0,1066.59998,1073.78003,291000,2026-08-27 10:18:09.045614+00:00
EQIX,2026-08-12,1050.56006,1069.96997,1044.58997,1069.17004,681700,2026-08-27 10:18:09.045614+00:00
EQIX,2026-08-11,1042.78003,1050.0,1031.59998,1032.40002,588200,2026-08-27 10:18:09.045614+00:00
EQIX,2026-08-10,1038.93005,1048.64001,1030.91003,1043.38,821400,2026-08-27 10:18:09.045614+00:00
EQIX,2026-08-07,1059.46997,1063.16003,1041.47998,1042.62,487600,2026-08-27 10:18:09.045614+00:00
EQIX,2026-08-06,1062.57996,1063.0,1040.0,1052.85999,954100,2026-08-27 10:18:09.045614+00:00
EQIX,2026-08-05,1056.91003,1063.45996,1036.76001,1056.19995,599700,2026-08-27 10:18:09.045614+00:00
EQIX,2026-08-04,1012.78003,1055.90002,1011.29999,1051.53003,740600,2026-08-27 10:18:09.045614+00:00
EQIX,2026-08-03,1016.73999,1032.96997,1003.52002,1031.43994,574300,2026-08-27 10:18:09.045614+00:00
EQIX,2026-07-31,1058.52002,1066.13,1016.90002,1019.28003,728000,2026-08-27 10:18:09.045614+00:00
EQIX,2026-07-30,1061.63,1083.85999,1044.089966,1047.53003,892800,2026-08-27 10:18:09.045614+00:00
EQIX,2026-07-29,1043.34998,1044.13,1001.60999,1008.02002,751400,2026-08-27 10:18:09.045614+00:00
EQIX,2026-07-28,1045.46997,1055.96997,1029.01001,1034.85999,603000,2026-08-27 10:18:09.045614+00:00
EQIX,2026-07-27,1084.23999,1085.70996,1041.78003,1046.79004,514700,2026-08-27 10:18:09.045614+00:00
EQIX,2026-07-24,1059.37,1104.98999,1055.59998,1084.23999,782900,2026-08-27 10:18:09.045614+00:00
EQIX,2026-07-23,1022.96002,1041.52002,1022.96002,1033.55005,401900,2026-08-27 10:18:09.045614+00:00
EQIX,2026-07-22,1035.19995,1037.01001,1026.099976,1028.73999,346700,2026-08-27 10:18:09.045614+00:00
EQIX,2026-07-21,1018.84003,1036.32996,1018.40002,1027.88,538400,2026-08-27 10:18:09.045614+00:00
EQIX,2026-07-20,1026.43005,1035.78003,1013.15002,1017.31,458300,2026-08-27 10:18:09.045614+00:00
EQIX,2026-07-17,1005.65997,1024.01001,993.91998,1020.0,567900,2026-08-27 10:18:09.045614+00:00
EQIX,2026-07-16,1017.28998,1019.87,999.78998,1009.14001,478400,2026-08-27 10:18:09.045614+00:00
ESS,2026-08-26,292.855,292.855,288.4,288.94,34694,2026-08-27 10:18:09.045614+00:00
ESS,2026-08-25,293.70999,294.44,290.20001,292.0,450745,2026-08-27 10:18:09.045614+00:00
ESS,2026-08-24,290.31,294.72,289.67999,293.60999,360300,2026-08-27 10:18:09.045614+00:00
ESS,2026-08-21,288.19,290.0,286.57999,289.0,254800,2026-08-27 10:18:09.045614+00:00
ESS,2026-08-20,288.23001,291.19,287.70999,287.70999,297800,2026-08-27 10:18:09.045614+00:00
ESS,2026-08-19,285.73001,288.25,284.56,287.35999,319000,2026-08-27 10:18:09.045614+00:00
ESS,2026-08-18,282.059998,286.78,282.059998,283.70999,511400,2026-08-27 10:18:09.045614+00:00
ESS,2026-08-17,286.54001,287.23999,281.67001,283.059998,313300,2026-08-27 10:18:09.045614+00:00
ESS,2026-08-14,287.32001,289.0,286.29001,287.51999,406500,2026-08-27 10:18:09.045614+00:00
ESS,2026-08-13,282.39999,288.92999,282.39999,287.39001,297200,2026-08-27 10:18:09.045614+00:00
ESS,2026-08-12,281.42001,282.98001,279.91,281.26999,252500,2026-08-27 10:18:09.045614+00:00
ESS,2026-08-11,282.040009,283.85999,281.48999,282.45999,318500,2026-08-27 10:18:09.045614+00:00
ESS,2026-08-10,286.20999,286.20999,281.53,283.20999,290300,2026-08-27 10:18:09.045614+00:00
ESS,2026-08-07,284.73999,288.73999,281.81,288.10001,241000,2026-08-27 10:18:09.045614+00:00
ESS,2026-08-06,290.0,290.76999,284.42999,285.12,212700,2026-08-27 10:18:09.045614+00:00
ESS,2026-08-05,290.059998,290.059998,285.42999,288.040009,259500,2026-08-27 10:18:09.045614+00:00
ESS,2026-08-04,284.28,287.84,282.14999,287.20999,594000,2026-08-27 10:18:09.045614+00:00
ESS,2026-08-03,286.98001,288.51999,284.23999,285.88,545900,2026-08-27 10:18:09.045614+00:00
ESS,2026-07-31,280.84,286.20999,279.32001,284.14001,819300,2026-08-27 10:18:09.045614+00:00
ESS,2026-07-30,289.98999,289.98999,280.42999,281.85999,794000,2026-08-27 10:18:09.045614+00:00
ESS,2026-07-29,296.31,297.89001,294.56,296.79999,500300,2026-08-27 10:18:09.045614+00:00
ESS,2026-07-28,293.14001,296.62,289.019989,294.51999,688900,2026-08-27 10:18:09.045614+00:00
ESS,2026-07-27,291.87,294.98001,290.16,290.67999,357600,2026-08-27 10:18:09.045614+00:00
ESS,2026-07-24,294.089996,295.029999,292.19,293.45999,513100,2026-08-27 10:18:09.045614+00:00
ESS,2026-07-23,292.81,295.85999,291.31,293.20001,439400,2026-08-27 10:18:09.045614+00:00
ESS,2026-07-22,295.32999,295.32999,292.17999,293.070007,306000,2026-08-27 10:18:09.045614+00:00
ESS,2026-07-21,294.0,294.95001,290.89999,294.01001,383400,2026-08-27 10:18:09.045614+00:00
ESS,2026-07-20,293.32999,294.70999,291.35001,293.82999,493200,2026-08-27 10:18:09.045614+00:00
ESS,2026-07-17,294.48001,300.0,291.040009,292.92999,421000,2026-08-27 10:18:09.045614+00:00
ESS,2026-07-16,293.39999,299.13,293.39999,297.42001,558500,2026-08-27 10:18:09.045614+00:00
WELL,2026-08-26,242.31,242.47,240.21,241.87,66430,2026-08-27 10:18:09.045614+00:00
WELL,2026-08-25,240.78,242.31,238.66499,241.14999,1764593,2026-08-27 10:18:09.045614+00:00
WELL,2026-08-24,239.85001,242.78,238.46001,240.0099945,1685800,2026-08-27 10:18:09.045614+00:00
WELL,2026-08-21,237.17999,241.11,236.080002,239.22,3140500,2026-08-27 10:18:09.045614+00:00
WELL,2026-08-20,235.89999,238.78999,235.11,237.39999,2683400,2026-08-27 10:18:09.045614+00:00
WELL,2026-08-19,235.44,236.72,234.3,235.73,2274100,2026-08-27 10:18:09.045614+00:00
WELL,2026-08-18,235.74001,238.85001,235.0,235.44,1883400,2026-08-27 10:18:09.045614+00:00
WELL,2026-08-17,234.44,236.28,233.0,235.3,2516900,2026-08-27 10:18:09.045614+00:00
WELL,2026-08-14,234.14,236.42999,233.14,235.52,1974000,2026-08-27 10:18:09.045614+00:00
WELL,2026-08-13,231.5,235.59,231.21001,234.44,4477400,2026-08-27 10:18:09.045614+00:00
WELL,2026-08-12,225.49001,230.61,224.97,230.27,3402000,2026-08-27 10:18:09.045614+00:00
WELL,2026-08-11,233.36,233.73,225.55,226.0099945,3313800,2026-08-27 10:18:09.045614+00:00
WELL,2026-08-10,236.89999,237.020004,234.39999,235.039993,2149500,2026-08-27 10:18:09.045614+00:00
WELL,2026-08-07,235.14,238.36,234.57001,236.92,3527300,2026-08-27 10:18:09.045614+00:00
WELL,2026-08-06,238.91,239.2,233.74001,236.0,3016000,2026-08-27 10:18:09.045614+00:00
WELL,2026-08-05,232.3,237.50999,230.19,237.25,3061100,2026-08-27 10:18:09.045614+00:00
WELL,2026-08-04,230.31,232.34,226.48,231.57001,5216300,2026-08-27 10:18:09.045614+00:00
WELL,2026-08-03,235.059998,236.39999,232.059998,233.10001,3786200,2026-08-27 10:18:09.045614+00:00
WELL,2026-07-31,234.21001,237.10001,232.63,234.44,3982500,2026-08-27 10:18:09.045614+00:00
WELL,2026-07-30,239.13,240.81,234.14,235.63,2994100,2026-08-27 10:18:09.045614+00:00
WELL,2026-07-29,243.14999,245.3,238.61,241.080002,2704900,2026-08-27 10:18:09.045614+00:00
WELL,2026-07-28,251.39999,255.2,242.24001,243.57001,4630600,2026-08-27 10:18:09.045614+00:00
WELL,2026-07-27,251.14,252.17,248.34,248.34,2608600,2026-08-27 10:18:09.045614+00:00
WELL,2026-07-24,248.48,252.94,246.029999,252.070007,3312300,2026-08-27 10:18:09.045614+00:00
WELL,2026-07-23,244.92999,250.12,243.50999,247.050003,2831600,2026-08-27 10:18:09.045614+00:00
WELL,2026-07-22,247.24001,247.35001,244.16,245.039993,2019300,2026-08-27 10:18:09.045614+00:00
WELL,2026-07-21,242.27,247.45,242.27,246.37,2694300,2026-08-27 10:18:09.045614+00:00
WELL,2026-07-20,243.46001,245.36,242.67999,244.84,2603600,2026-08-27 10:18:09.045614+00:00
WELL,2026-07-17,244.070007,246.42999,242.23,243.25,2792400,2026-08-27 10:18:09.045614+00:00
WELL,2026-07-16,234.25999,241.78999,233.87,241.49001,2711300,2026-08-27 10:18:09.045614+00:00
UDR,2026-08-26,38.245,38.27,37.93,38.055,123709,2026-08-27 10:18:09.045614+00:00
UDR,2026-08-25,38.37,38.445,38.040001,38.17,2339475,2026-08-27 10:18:09.045614+00:00
UDR,2026-08-24,37.96,38.59,37.88,38.39,2727600,2026-08-27 10:18:09.045614+00:00
UDR,2026-08-21,37.79,37.93,37.54,37.77,3155500,2026-08-27 10:18:09.045614+00:00
UDR,2026-08-20,37.56,37.97,37.39,37.69,2052300,2026-08-27 10:18:09.045614+00:00
UDR,2026-08-19,37.37,37.8,37.15,37.51,3358300,2026-08-27 10:18:09.045614+00:00
UDR,2026-08-18,37.62,37.63,37.09,37.09,3875600,2026-08-27 10:18:09.045614+00:00
UDR,2026-08-17,37.73,37.73,37.09,37.24,2260500,2026-08-27 10:18:09.045614+00:00
UDR,2026-08-14,37.94,38.17,37.81,37.94,1693000,2026-08-27 10:18:09.045614+00:00
UDR,2026-08-13,37.42,38.07,37.38,37.94,2827700,2026-08-27 10:18:09.045614+00:00
UDR,2026-08-12,37.28,37.53,37.040001,37.23,2059500,2026-08-27 10:18:09.045614+00:00
UDR,2026-08-11,37.52,37.67,37.26,37.3,1819600,2026-08-27 10:18:09.045614+00:00
UDR,2026-08-10,38.3,38.3,37.5,37.66,2057000,2026-08-27 10:18:09.045614+00:00
UDR,2026-08-07,38.080002,38.61,37.84,38.41,2607300,2026-08-27 10:18:09.045614+00:00
UDR,2026-08-06,38.83,38.87,37.96,38.14,3033300,2026-08-27 10:18:09.045614+00:00
UDR,2026-08-05,38.66,38.85,38.33,38.52,3411600,2026-08-27 10:18:09.045614+00:00
UDR,2026-08-04,38.12,38.62,38.080002,38.55,3858100,2026-08-27 10:18:09.045614+00:00
UDR,2026-08-03,38.29,38.77,38.099998,38.69,4591700,2026-08-27 10:18:09.045614+00:00
UDR,2026-07-31,38.060001,38.2,37.64,38.16,7410600,2026-08-27 10:18:09.045614+00:00
UDR,2026-07-30,39.39,39.48,38.049999,38.3,4020800,2026-08-27 10:18:09.045614+00:00
UDR,2026-07-29,39.23,39.75,38.85,39.72,4246300,2026-08-27 10:18:09.045614+00:00
UDR,2026-07-28,38.48,39.73,38.48,39.0,6993400,2026-08-27 10:18:09.045614+00:00
UDR,2026-07-27,39.41,39.64,39.17,39.27,5389500,2026-08-27 10:18:09.045614+00:00
UDR,2026-07-24,39.26,39.77,39.26,39.59,2231000,2026-08-27 10:18:09.045614+00:00
UDR,2026-07-23,39.49,39.91,39.31,39.48,2101100,2026-08-27 10:18:09.045614+00:00
UDR,2026-07-22,39.63,39.69,39.27,39.54,1986300,2026-08-27 10:18:09.045614+00:00
UDR,2026-07-21,39.98,40.13,39.4,39.57,2176000,2026-08-27 10:18:09.045614+00:00
UDR,2026-07-20,39.76,39.96,39.53,39.74,2680200,2026-08-27 10:18:09.045614+00:00
UDR,2026-07-17,40.66,40.82,39.44,39.76,3249000,2026-08-27 10:18:09.045614+00:00
UDR,2026-07-16,39.5,40.7,39.5,40.57,3005600,2026-08-27 10:18:09.045614+00:00
DOC,2026-08-26,21.585,21.795,21.545,21.64,124151,2026-08-27 10:18:09.045614+00:00
DOC,2026-08-25,21.72,21.78,21.495,21.66,4185685,2026-08-27 10:18:09.045614+00:00
DOC,2026-08-24,21.54,21.77,21.41,21.63,4029500,2026-08-27 10:18:09.045614+00:00
DOC,2026-08-21,21.3,21.43,20.97,21.4,5746100,2026-08-27 10:18:09.045614+00:00
DOC,2026-08-20,20.69,21.32,20.69,21.2,4808700,2026-08-27 10:18:09.045614+00:00
DOC,2026-08-19,20.53,20.77,20.47,20.76,3358500,2026-08-27 10:18:09.045614+00:00
DOC,2026-08-18,20.4,20.76,20.4,20.44,4446100,2026-08-27 10:18:09.045614+00:00
DOC,2026-08-17,20.61,20.65,20.4,20.58,4515400,2026-08-27 10:18:09.045614+00:00
DOC,2026-08-14,20.77,20.89,20.7,20.79,2952300,2026-08-27 10:18:09.045614+00:00
DOC,2026-08-13,20.88,20.96,20.7,20.81,3220700,2026-08-27 10:18:09.045614+00:00
DOC,2026-08-12,20.7,20.84,20.55,20.66,4087400,2026-08-27 10:18:09.045614+00:00
DOC,2026-08-11,20.88,20.99,20.47,20.51,5072100,2026-08-27 10:18:09.045614+00:00
DOC,2026-08-10,21.3,21.3,20.89,20.9,5563300,2026-08-27 10:18:09.045614+00:00
DOC,2026-08-07,21.09,21.41,21.01,21.41,4093900,2026-08-27 10:18:09.045614+00:00
DOC,2026-08-06,21.98,22.01,21.059999,21.1,8198000,2026-08-27 10:18:09.045614+00:00
DOC,2026-08-05,22.0,22.44,21.75,21.79,10594900,2026-08-27 10:18:09.045614+00:00
DOC,2026-08-04,21.52,21.85,21.19,21.62,7445500,2026-08-27 10:18:09.045614+00:00
DOC,2026-08-03,21.89,22.030001,21.64,21.64,5963600,2026-08-27 10:18:09.045614+00:00
DOC,2026-07-31,22.07,22.18,21.68,21.83,7333400,2026-08-27 10:18:09.045614+00:00
DOC,2026-07-30,22.45,22.47,21.89,22.059999,5462500,2026-08-27 10:18:09.045614+00:00
DOC,2026-07-29,22.79,22.91,22.4,22.48,5539500,2026-08-27 10:18:09.045614+00:00
DOC,2026-07-28,22.7,22.95,22.58,22.82,7429200,2026-08-27 10:18:09.045614+00:00
DOC,2026-07-27,22.22,22.54,22.17,22.52,5733700,2026-08-27 10:18:09.045614+00:00
DOC,2026-07-24,22.18,22.41,22.12,22.27,7422000,2026-08-27 10:18:09.045614+00:00
DOC,2026-07-23,22.15,22.31,21.93,22.08,5956800,2026-08-27 10:18:09.045614+00:00
DOC,2026-07-22,22.66,22.77,22.13,22.19,4034300,2026-08-27 10:18:09.045614+00:00
DOC,2026-07-21,22.14,22.62,22.14,22.6,4972600,2026-08-27 10:18:09.045614+00:00
DOC,2026-07-20,22.43,22.72,22.16,22.29,7830800,2026-08-27 10:18:09.045614+00:00
DOC,2026-07-17,22.4,22.62,22.27,22.51,7028500,2026-08-27 10:18:09.045614+00:00
DOC,2026-07-16,21.8,22.35,21.78,22.33,6653500,2026-08-27 10:18:09.045614+00:00
ARE,2026-08-26,52.12,52.85,52.02,52.525,41478,2026-08-27 10:18:09.045614+00:00
ARE,2026-08-25,54.51,54.55,52.36,52.9,2802382,2026-08-27 10:18:09.045614+00:00
ARE,2026-08-24,53.12,54.71,53.07,54.040001,2422900,2026-08-27 10:18:09.045614+00:00
ARE,2026-08-21,53.3,54.0099983,51.81,53.49,2997300,2026-08-27 10:18:09.045614+00:00
ARE,2026-08-20,50.78,53.3,50.15,52.94,2965600,2026-08-27 10:18:09.045614+00:00
ARE,2026-08-19,46.8,50.9,46.74,50.55,3150200,2026-08-27 10:18:09.045614+00:00
ARE,2026-08-18,46.98,47.19,45.78,45.84,2199000,2026-08-27 10:18:09.045614+00:00
ARE,2026-08-17,47.63,47.95,46.099998,46.94,2276200,2026-08-27 10:18:09.045614+00:00
ARE,2026-08-14,48.37,48.57,48.0099983,48.14,1199400,2026-08-27 10:18:09.045614+00:00
ARE,2026-08-13,47.85,48.81,47.85,48.42,1873100,2026-08-27 10:18:09.045614+00:00
ARE,2026-08-12,48.11,48.37,47.66,48.060001,1130300,2026-08-27 10:18:09.045614+00:00
ARE,2026-08-11,48.31,48.96,47.82,48.12,1359000,2026-08-27 10:18:09.045614+00:00
ARE,2026-08-10,49.12,49.46,47.51,48.35,1949400,2026-08-27 10:18:09.045614+00:00
ARE,2026-08-07,48.7,50.17,48.15,49.74,1946100,2026-08-27 10:18:09.045614+00:00
ARE,2026-08-06,50.85,50.88,48.45,48.48,1708900,2026-08-27 10:18:09.045614+00:00
ARE,2026-08-05,49.38,50.49,47.54,50.099998,2697000,2026-08-27 10:18:09.045614+00:00
ARE,2026-08-04,51.9,52.49,48.52,48.87,4251100,2026-08-27 10:18:09.045614+00:00
ARE,2026-08-03,52.3,53.34,52.28,53.029999,2387700,2026-08-27 10:18:09.045614+00:00
ARE,2026-07-31,52.060001,52.63,51.2,51.45,1559200,2026-08-27 10:18:09.045614+00:00
ARE,2026-07-30,53.35,53.68,51.9,52.49,1475300,2026-08-27 10:18:09.045614+00:00
ARE,2026-07-29,54.44,55.74,53.43,53.77,2497100,2026-08-27 10:18:09.045614+00:00
ARE,2026-07-28,52.0099983,54.049999,51.95,54.0,2690500,2026-08-27 10:18:09.045614+00:00
ARE,2026-07-27,51.13,52.21,50.94,51.39,1468200,2026-08-27 10:18:09.045614+00:00
ARE,2026-07-24,50.48,51.15,49.76,50.94,1062100,2026-08-27 10:18:09.045614+00:00
ARE,2026-07-23,49.3,50.86,49.0,50.12,1272800,2026-08-27 10:18:09.045614+00:00
ARE,2026-07-22,51.0,51.049999,49.43,49.64,1211600,2026-08-27 10:18:09.045614+00:00
ARE,2026-07-21,49.6,50.79,49.59,50.61,1637500,2026-08-27 10:18:09.045614+00:00
ARE,2026-07-20,50.22,50.84,49.63,50.049999,1380300,2026-08-27 10:18:09.045614+00:00
ARE,2026-07-17,50.14,50.88,49.73,50.22,1332400,2026-08-27 10:18:09.045614+00:00
ARE,2026-07-16,49.16,50.21,48.82,50.14,1348400,2026-08-27 10:18:09.045614+00:00
